RowID,Molecule name,Original_SMILES,Number of connected components,Canonical_QSARr,InChI_Code_QSARr,InChI Key_QSARr,Salt_Solvent,Salt_Solvent_ID
1,Molecule_1,CC1N=C(NC)SC=1C1=CC=NC(NC2C=CC(O)=CC=2)=N1,1,[H]Oc1c([H])c([H])c(N([H])c2nc([H])c([H])c(-c3sc(N([H])C([H])([H])[H])nc3C([H])([H])[H])n2)c([H])c1[H],InChI=1S/C15H15N5OS/c1-9-13(22-15(16-2)18-9)12-7-8-17-14(20-12)19-10-3-5-11(21)6-4-10/h3-821H1-2H3(H1618)(H171920),OTMLAWRVLMYMDF-UHFFFAOYSA-N,,0
2,Molecule_2,CN(C)CCCC(=O)NC1=NNC2=NN=C(C=C21)C1C=CC=CC=1,1,CN(C)CCCC(=O)Nc1[n][nH]c2[n][n]c(cc12)-c1ccccc1,InChI=1S/C17H20N6O/c1-23(2)10-6-9-15(24)18-16-13-11-14(12-7-4-3-5-8-12)19-21-17(13)22-20-16/h3-57-811H69-10H21-2H3(H21820212224),LDHIZDYQCCLGRS-UHFFFAOYSA-N,,0
3,Molecule_3,O=C(NC1=NNC2=NN=C(C=C21)C1C=NC=CC=1)C1CC1,1,O=C(Nc1[n][nH]c2[n][n]c(cc12)-c1c[n]ccc1)C1CC1,InChI=1S/C14H12N6O/c21-14(8-3-4-8)16-12-10-6-11(9-2-1-5-15-7-9)17-19-13(10)20-18-12/h1-25-8H3-4H2(H21618192021),AGSPQSKJPUNTNL-UHFFFAOYSA-N,,0
4,Molecule_4,O=C(NC1=NNC2=NN=C(C=C21)C1C=CC=C(F)C=1F)C1CCCC1,1,O=C(Nc1[n][nH]c2[n][n]c(cc12)-c1cccc(F)c1F)C1CCCC1,InChI=1S/C17H15F2N5O/c18-12-7-3-6-10(14(12)19)13-8-11-15(22-24-16(11)23-21-13)20-17(25)9-4-1-2-5-9/h36-9H1-24-5H2(H22022232425),PBPNRBLKSDOCOP-UHFFFAOYSA-N,,0
5,Molecule_5,CCN1CCC(CC1)C(=O)NC1=NNC2=NN=C(C=C21)C1=CC=CC(F)=C1F,1,CCN1CCC(CC1)C(=O)Nc1[n][nH]c2[n][n]c(cc12)-c1cccc(F)c1F,InChI=1S/C19H20F2N6O/c1-2-27-8-6-11(7-9-27)19(28)22-17-13-10-15(23-25-18(13)26-24-17)12-4-3-5-14(20)16(12)21/h3-510-11H26-9H21H3(H22224252628),XMLJBPQUTWBABY-UHFFFAOYSA-N,,0
6,Molecule_6,CCN1CCC(CC(=O)NC2=NNC3=NN=C(C=C32)C2=CC=CC(F)=C2F)CC1,1,CCN1CCC(CC(=O)Nc2[n][nH]c3[n][n]c(cc23)-c2cccc(F)c2F)CC1,InChI=1S/C20H22F2N6O/c1-2-28-8-6-12(7-9-28)10-17(29)23-19-14-11-16(24-26-20(14)27-25-19)13-4-3-5-15(21)18(13)22/h3-511-12H26-10H21H3(H22325262729),OGFGCRFMUGVFGM-UHFFFAOYSA-N,,0
7,Molecule_7,CO[C@@H]1[C@@H](C[C@H]2O[C@]1(C)N1C3C(=C4[C@@H](O)NC(=O)C4=C4C=3N2C2=CC=CC=C24)C2=CC=CC=C12)NC,1,[H]OC1([H])c2c(c3c4c([H])c([H])c([H])c([H])c4n4c3c3c2c2c([H])c([H])c([H])c([H])c2n3C2(C([H])([H])[H])OC4([H])C([H])([H])C([H])(N([H])C([H])([H])[H])C2([H])OC([H])([H])[H])C(=O)N1[H],InChI=1S/C28H26N4O4/c1-28-25(35-3)15(29-2)12-18(36-28)31-16-10-6-4-8-13(16)19-21-22(27(34)30-26(21)33)20-14-9-5-7-11-17(14)32(28)24(20)23(19)31/h4-11151825272934H12H21-3H3(H3033),PBCZSGKMGDDXIJ-UHFFFAOYSA-N,,0
8,Molecule_8,O=C1NC(=O)C2=C1C1=C3C4=C2C2=CC=CC=C2N4[C@H]2CC[C@@H](O2)N3C2=CC=CC=C21,1,[H]c1c([H])c([H])c2c(c1[H])c1c3c(c4c5c([H])c([H])c([H])c([H])c5n5c4c1n2C1([H])OC5([H])C([H])([H])C1([H])[H])C(=O)N([H])C3=O,InChI=1S/C24H15N3O3/c28-23-19-17-11-5-1-3-7-13(11)26-15-9-10-16(30-15)27-14-8-4-2-6-12(14)18(22(27)21(17)26)20(19)24(29)25-23/h1-815-16H9-10H2(H252829),OTPNDVKVEAIXTI-UHFFFAOYSA-N,,0
9 14,Molecule_9 Molecule_14,CC1=CN=C(NC2C=CC=CC=2)N=C1C1C=C(NC=1)C(=O)N[C@H](CO)C1C=CC=CC=1 CC1=CN=C(NC2C=CC=CC=2)N=C1C1C=C(NC=1)C(=O)N[C@@H](CO)C1C=CC=CC=1,1,Cc1c[n]c(Nc2ccccc2)[n]c1-c1cc([nH]c1)C(=O)NC(CO)c1ccccc1,InChI=1S/C24H23N5O2/c1-16-13-26-24(27-19-10-6-3-7-11-19)29-22(16)18-12-20(25-14-18)23(31)28-21(15-30)17-8-4-2-5-9-17/h2-14212530H15H21H3(H2831)(H262729),PFHKAGAZRDERTK-UHFFFAOYSA-N,,0
10,Molecule_10,CC1=CN=C(NC2=CC=CC=C2Cl)N=C1C1C=C(NC=1)C(=O)N[C@H](CO)C1C=CC=CC=1,1,Cc1c[n]c(Nc2ccccc2Cl)[n]c1-c1cc([nH]c1)C(=O)NC(CO)c1ccccc1,InChI=1S/C24H22ClN5O2/c1-15-12-27-24(29-19-10-6-5-9-18(19)25)30-22(15)17-11-20(26-13-17)23(32)28-21(14-31)16-7-3-2-4-8-16/h2-13212631H14H21H3(H2832)(H272930),AICUOEJPCSKION-UHFFFAOYSA-N,,0
11,Molecule_11,CC1C=NC(NC2=CC=CC=C2C)=NC=1C1=CNC(=C1)C(=O)N[C@H](CO)C1C=CC=CC=1,1,Cc1ccccc1Nc1[n]c(-c2cc([nH]c2)C(=O)NC(CO)c2ccccc2)c(C)c[n]1,InChI=1S/C25H25N5O2/c1-16-8-6-7-11-20(16)29-25-27-13-17(2)23(30-25)19-12-21(26-14-19)24(32)28-22(15-31)18-9-4-3-5-10-18/h3-14222631H15H21-2H3(H2832)(H272930),CRTYIBGQZSHPSN-UHFFFAOYSA-N,,0
12,Molecule_12,CC1C=NC(NC2=CC=CC=C2CC)=NC=1C1=CNC(=C1)C(=O)N[C@H](CO)C1C=CC=CC=1,1,Cc1c[n]c(Nc2ccccc2CC)[n]c1-c1c[nH]c(c1)C(=O)NC(CO)c1ccccc1,InChI=1S/C26H27N5O2/c1-3-18-9-7-8-12-21(18)30-26-28-14-17(2)24(31-26)20-13-22(27-15-20)25(33)29-23(16-32)19-10-5-4-6-11-19/h4-15232732H316H21-2H3(H2933)(H283031),PDGBJOHNOOKHMI-UHFFFAOYSA-N,,0
13,Molecule_13,CC1=CN=C(NC2=CC=CC=C2F)N=C1C1C=C(NC=1)C(=O)N[C@H](CO)C1C=CC=CC=1,1,Cc1c[n]c(Nc2ccccc2F)[n]c1-c1cc([nH]c1)C(=O)NC(CO)c1ccccc1,InChI=1S/C24H22FN5O2/c1-15-12-27-24(29-19-10-6-5-9-18(19)25)30-22(15)17-11-20(26-13-17)23(32)28-21(14-31)16-7-3-2-4-8-16/h2-13212631H14H21H3(H2832)(H272930),JBFYCFLBEYQHNC-UHFFFAOYSA-N,,0
15,Molecule_15,CC1=CN=C(NC2C=CC=CC=2)N=C1C1C=C(NC=1)C(=O)N[C@H](CO)C1C=C(Cl)C=CC=1,1,Cc1c[n]c(Nc2ccccc2)[n]c1-c1cc([nH]c1)C(=O)NC(CO)c1cc(Cl)ccc1,InChI=1S/C24H22ClN5O2/c1-15-12-27-24(28-19-8-3-2-4-9-19)30-22(15)17-11-20(26-13-17)23(32)29-21(14-31)16-6-5-7-18(25)10-16/h2-13212631H14H21H3(H2932)(H272830),VGURFJZGZCVPTA-UHFFFAOYSA-N,,0
16,Molecule_16,CC1C=C(C=CC=1)[C@@H](CO)NC(=O)C1=CC(=CN1)C1N=C(NC2C=CC=CC=2)N=CC=1C,1,Cc1cc(ccc1)C(CO)NC(=O)c1cc(c[nH]1)-c1[n]c(Nc2ccccc2)[n]cc1C,InChI=1S/C25H25N5O2/c1-16-7-6-8-18(11-16)22(15-31)29-24(32)21-12-19(14-26-21)23-17(2)13-27-25(30-23)28-20-9-4-3-5-10-20/h3-14222631H15H21-2H3(H2932)(H272830),UOENDEBKABBLDM-UHFFFAOYSA-N,,0
17,Molecule_17,CC1C=NC(NC2C=CC=C(C)C=2C)=NC=1C1=CNC(=C1)C(=O)N[C@H](CO)C1C=C(Cl)C=CC=1,1,Cc1cccc(Nc2[n]c(-c3cc([nH]c3)C(=O)NC(CO)c3cc(Cl)ccc3)c(C)c[n]2)c1C,InChI=1S/C26H26ClN5O2/c1-15-6-4-9-21(17(15)3)31-26-29-12-16(2)24(32-26)19-11-22(28-13-19)25(34)30-23(14-33)18-7-5-8-20(27)10-18/h4-13232833H14H21-3H3(H3034)(H293132),UKLODWPLBDVRPZ-UHFFFAOYSA-N,,0
18,Molecule_18,CC1=CN=C(NC2=CC=CC(F)=C2C)N=C1C1=CNC(=C1)C(=O)N[C@H](CO)C1C=C(Cl)C=CC=1,1,Cc1c[n]c(Nc2cccc(F)c2C)[n]c1-c1c[nH]c(c1)C(=O)NC(CO)c1cc(Cl)ccc1,InChI=1S/C25H23ClFN5O2/c1-14-11-29-25(31-20-8-4-7-19(27)15(20)2)32-23(14)17-10-21(28-12-17)24(34)30-22(13-33)16-5-3-6-18(26)9-16/h3-12222833H13H21-2H3(H3034)(H293132),JTYHHTUGNXKIGP-UHFFFAOYSA-N,,0
19,Molecule_19,CC1C=NC(NC2=CC=C(Cl)C=C2C)=NC=1C1=CNC(=C1)C(=O)N[C@H](CO)C1C=C(Cl)C=CC=1,1,Cc1cc(Cl)ccc1Nc1[n]c(-c2cc([nH]c2)C(=O)NC(CO)c2cc(Cl)ccc2)c(C)c[n]1,InChI=1S/C25H23Cl2N5O2/c1-14-8-19(27)6-7-20(14)31-25-29-11-15(2)23(32-25)17-10-21(28-12-17)24(34)30-22(13-33)16-4-3-5-18(26)9-16/h3-12222833H13H21-2H3(H3034)(H293132),MSOZBJDLTCXBAV-UHFFFAOYSA-N,,0
20,Molecule_20,CC1=CN=C(NC2=CC=C(F)C=C2Cl)N=C1C1C=C(NC=1)C(=O)N[C@H](CO)C1C=C(Cl)C=CC=1,1,Cc1c[n]c(Nc2ccc(F)cc2Cl)[n]c1-c1c[nH]c(c1)C(=O)NC(CO)c1cc(Cl)ccc1,InChI=1S/C24H20Cl2FN5O2/c1-13-10-29-24(31-19-6-5-17(27)9-18(19)26)32-22(13)15-8-20(28-11-15)23(34)30-21(12-33)14-3-2-4-16(25)7-14/h2-11212833H12H21H3(H3034)(H293132),WUTVMXLIGHTZJC-UHFFFAOYSA-N,,0
21,Molecule_21,CC1=CN=C(NC2=CC=C(Cl)C=C2F)N=C1C1C=C(NC=1)C(=O)N[C@H](CO)C1C=C(Cl)C=CC=1,1,Cc1c[n]c(Nc2ccc(Cl)cc2F)[n]c1-c1c[nH]c(c1)C(=O)NC(CO)c1cc(Cl)ccc1,InChI=1S/C24H20Cl2FN5O2/c1-13-10-29-24(31-19-6-5-17(26)9-18(19)27)32-22(13)15-8-20(28-11-15)23(34)30-21(12-33)14-3-2-4-16(25)7-14/h2-11212833H12H21H3(H3034)(H293132),ZSHFRMIXWYVCCL-UHFFFAOYSA-N,,0
22,Molecule_22,CC1C=NC(NC2=CC=CC=C2CC)=NC=1C1=CNC(=C1)C(=O)N[C@H](CO)C1C=C(Cl)C=CC=1,1,Cc1c[n]c(Nc2ccccc2CC)[n]c1-c1c[nH]c(c1)C(=O)NC(CO)c1cc(Cl)ccc1,InChI=1S/C26H26ClN5O2/c1-3-17-7-4-5-10-21(17)31-26-29-13-16(2)24(32-26)19-12-22(28-14-19)25(34)30-23(15-33)18-8-6-9-20(27)11-18/h4-14232833H315H21-2H3(H3034)(H293132),SJOKPCUBKAMNFF-UHFFFAOYSA-N,,0
23,Molecule_23,CC1=CN=C(NC2=CC=CC3CCCC=32)N=C1C1C=C(NC=1)C(=O)N[C@H](CO)C1C=C(Cl)C=CC=1,1,Cc1c[n]c(Nc2cccc3CCCc32)[n]c1-c1cc([nH]c1)C(=O)NC(CO)c1cc(Cl)ccc1,InChI=1S/C27H26ClN5O2/c1-16-13-30-27(32-22-10-4-6-17-5-3-9-21(17)22)33-25(16)19-12-23(29-14-19)26(35)31-24(15-34)18-7-2-8-20(28)11-18/h246-810-14242934H35915H21H3(H3135)(H303233),HOCNVQDRTVHYCW-UHFFFAOYSA-N,,0
24,Molecule_24,CC1=CN=C(NC2=CC=CC3CCCCC=32)N=C1C1C=C(NC=1)C(=O)N[C@H](CO)C1C=C(Cl)C=CC=1,1,Cc1c[n]c(Nc2cccc3CCCCc32)[n]c1-c1cc([nH]c1)C(=O)NC(CO)c1cc(Cl)ccc1,InChI=1S/C28H28ClN5O2/c1-17-14-31-28(33-23-11-5-7-18-6-2-3-10-22(18)23)34-26(17)20-13-24(30-15-20)27(36)32-25(16-35)19-8-4-9-21(29)12-19/h4-57-911-15253035H2-361016H21H3(H3236)(H313334),GNNGWQSTNJCADU-UHFFFAOYSA-N,,0
25,Molecule_25,CC1=CN=C(NC2=CC=CC3OCOC=32)N=C1C1C=C(NC=1)C(=O)N[C@H](CO)C1C=C(Cl)C=CC=1,1,Cc1c[n]c(Nc2cccc3OCOc23)[n]c1-c1cc([nH]c1)C(=O)NC(CO)c1cc(Cl)ccc1,InChI=1S/C25H22ClN5O4/c1-14-10-28-25(30-18-6-3-7-21-23(18)35-13-34-21)31-22(14)16-9-19(27-11-16)24(33)29-20(12-32)15-4-2-5-17(26)8-15/h2-11202732H12-13H21H3(H2933)(H283031),GEPLEVYEUCTLJX-UHFFFAOYSA-N,,0
26,Molecule_26,CC1=CN=C(NC2=CC=CC3OC(F)(F)OC=32)N=C1C1C=C(NC=1)C(=O)N[C@H](CO)C1C=C(Cl)C=CC=1,1,Cc1c[n]c(Nc2cccc3OC(F)(F)Oc23)[n]c1-c1cc([nH]c1)C(=O)NC(CO)c1cc(Cl)ccc1,InChI=1S/C25H20ClF2N5O4/c1-13-10-30-24(32-17-6-3-7-20-22(17)37-25(2728)36-20)33-21(13)15-9-18(29-11-15)23(35)31-19(12-34)14-4-2-5-16(26)8-14/h2-11192934H12H21H3(H3135)(H303233),YUPWBUPSOSSVKV-UHFFFAOYSA-N,,0
27,Molecule_27,CC1=CN=C(NC2=CC=CC3OCCOC=32)N=C1C1C=C(NC=1)C(=O)N[C@H](CO)C1C=C(Cl)C=CC=1,1,Cc1c[n]c(Nc2cccc3OCCOc23)[n]c1-c1cc([nH]c1)C(=O)NC(CO)c1cc(Cl)ccc1,InChI=1S/C26H24ClN5O4/c1-15-12-29-26(31-19-6-3-7-22-24(19)36-9-8-35-22)32-23(15)17-11-20(28-13-17)25(34)30-21(14-33)16-4-2-5-18(27)10-16/h2-710-13212833H8-914H21H3(H3034)(H293132),MPCQRPKDRXWSSR-UHFFFAOYSA-N,,0
28,Molecule_28,CNC1=NC(C)=C(S1)C1=CC=NC(NC2C=C(C(C)=CC=2)S(=O)(=O)N2CCOCC2)=N1,1,[H]c1nc(N([H])c2c([H])c([H])c(C([H])([H])[H])c(S(=O)(=O)N3C([H])([H])C([H])([H])OC([H])([H])C3([H])[H])c2[H])nc(-c2sc(N([H])C([H])([H])[H])nc2C([H])([H])[H])c1[H],InChI=1S/C20H24N6O3S2/c1-13-4-5-15(12-17(13)31(2728)26-8-10-29-11-9-26)24-19-22-7-6-16(25-19)18-14(2)23-20(21-3)30-18/h4-712H8-11H21-3H3(H2123)(H222425),NNMRZPOMVQNXMS-UHFFFAOYSA-N,,0
29,Molecule_29,CN1C=C(C=N1)C1C=C(OC)C(=CC=1)NC1=NC2=C(N=CC=C2C=N1)N1CCCC1,1,[H]c1nn(C([H])([H])[H])c([H])c1-c1c([H])c([H])c(N([H])c2nc([H])c3c([H])c([H])nc(N4C([H])([H])C([H])([H])C([H])([H])C4([H])[H])c3n2)c(OC([H])([H])[H])c1[H],InChI=1S/C22H23N7O/c1-28-14-17(13-25-28)15-5-6-18(19(11-15)30-2)26-22-24-12-16-7-8-23-21(20(16)27-22)29-9-3-4-10-29/h5-811-14H3-49-10H21-2H3(H242627),XPELYRINMWSZIB-UHFFFAOYSA-N,,0
30,Molecule_30,CC1=NN(C)C=C1C1C=C(OC)C(=CC=1)NC1N=CC2=CC=NC(NCC(C)(C)C)=C2N=1,1,[H]c1nc(N([H])C([H])([H])C(C([H])([H])[H])(C([H])([H])[H])C([H])([H])[H])c2nc(N([H])c3c([H])c([H])c(-c4c(C([H])([H])[H])nn(C([H])([H])[H])c4[H])c([H])c3OC([H])([H])[H])nc([H])c2c1[H],InChI=1S/C24H29N7O/c1-15-18(13-31(5)30-15)16-7-8-19(20(11-16)32-6)28-23-26-12-17-9-10-25-22(21(17)29-23)27-14-24(23)4/h7-13H14H21-6H3(H2527)(H262829),LEVJITMIUUMAFY-UHFFFAOYSA-N,,0
31,Molecule_31,CC1=C(C=NN1C)C1C=C(OC)C(=CC=1)NC1N=CC2=CC=NC(NCC(C)(C)C)=C2N=1,1,[H]c1nn(C([H])([H])[H])c(C([H])([H])[H])c1-c1c([H])c([H])c(N([H])c2nc([H])c3c([H])c([H])nc(N([H])C([H])([H])C(C([H])([H])[H])(C([H])([H])[H])C([H])([H])[H])c3n2)c(OC([H])([H])[H])c1[H],InChI=1S/C24H29N7O/c1-15-18(13-28-31(15)5)16-7-8-19(20(11-16)32-6)29-23-26-12-17-9-10-25-22(21(17)30-23)27-14-24(23)4/h7-13H14H21-6H3(H2527)(H262930),YJSHLYBLZLAHEP-UHFFFAOYSA-N,,0
32,Molecule_32,CC1=NC=C(C2C=C(OC)C(=CC=2)NC2N=CC3=CC=NC(NCC(C)(C)C)=C3N=2)N1C,1,[H]c1nc(N([H])C([H])([H])C(C([H])([H])[H])(C([H])([H])[H])C([H])([H])[H])c2nc(N([H])c3c([H])c([H])c(-c4c([H])nc(C([H])([H])[H])n4C([H])([H])[H])c([H])c3OC([H])([H])[H])nc([H])c2c1[H],InChI=1S/C24H29N7O/c1-15-26-13-19(31(15)5)16-7-8-18(20(11-16)32-6)29-23-27-12-17-9-10-25-22(21(17)30-23)28-14-24(23)4/h7-13H14H21-6H3(H2528)(H272930),URWRFSMVDXZMJH-UHFFFAOYSA-N,,0
33,Molecule_33,COC1=CC(=CC=C1NC1=NC2=C(NC3CCCCC3)N=CC=C2C=N1)C1C=NN(C)C=1,1,[H]c1nn(C([H])([H])[H])c([H])c1-c1c([H])c([H])c(N([H])c2nc([H])c3c([H])c([H])nc(N([H])C4([H])C([H])([H])C([H])([H])C([H])([H])C([H])([H])C4([H])[H])c3n2)c(OC([H])([H])[H])c1[H],InChI=1S/C24H27N7O/c1-31-15-18(14-27-31)16-8-9-20(21(12-16)32-2)29-24-26-13-17-10-11-25-23(22(17)30-24)28-19-6-4-3-5-7-19/h8-1519H3-7H21-2H3(H2528)(H262930),DIBCUQSRSKMAFL-UHFFFAOYSA-N,,0
34,Molecule_34,COC1=CC(=CC=C1NC1N=CC2=CC=NC(NCC3CC3)=C2N=1)C1=CN(C)N=C1,1,[H]c1nn(C([H])([H])[H])c([H])c1-c1c([H])c([H])c(N([H])c2nc([H])c3c([H])c([H])nc(N([H])C([H])([H])C4([H])C([H])([H])C4([H])[H])c3n2)c(OC([H])([H])[H])c1[H],InChI=1S/C22H23N7O/c1-29-13-17(12-26-29)15-5-6-18(19(9-15)30-2)27-22-25-11-16-7-8-23-21(20(16)28-22)24-10-14-3-4-14/h5-911-14H3-410H21-2H3(H2324)(H252728),RNRUHOJYKQGQGN-UHFFFAOYSA-N,,0
35,Molecule_35,COC1=CC(=CC=C1NC1N=CC2=CC=NC(NCC(C)C)=C2N=1)C1=CN(C)N=C1,1,[H]c1nn(C([H])([H])[H])c([H])c1-c1c([H])c([H])c(N([H])c2nc([H])c3c([H])c([H])nc(N([H])C([H])([H])C([H])(C([H])([H])[H])C([H])([H])[H])c3n2)c(OC([H])([H])[H])c1[H],InChI=1S/C22H25N7O/c1-14(2)10-24-21-20-16(7-8-23-21)11-25-22(28-20)27-18-6-5-15(9-19(18)30-4)17-12-26-29(3)13-17/h5-911-14H10H21-4H3(H2324)(H252728),QZZFLPGPIFLIDL-UHFFFAOYSA-N,,0
36,Molecule_36,COC1=CC(=CC=C1NC1N=CC2=CC=NC(NCC(C)(C)C)=C2N=1)C1=CN(C)N=C1,1,[H]c1nn(C([H])([H])[H])c([H])c1-c1c([H])c([H])c(N([H])c2nc([H])c3c([H])c([H])nc(N([H])C([H])([H])C(C([H])([H])[H])(C([H])([H])[H])C([H])([H])[H])c3n2)c(OC([H])([H])[H])c1[H],InChI=1S/C23H27N7O/c1-23(23)14-26-21-20-16(8-9-24-21)11-25-22(29-20)28-18-7-6-15(10-19(18)31-5)17-12-27-30(4)13-17/h6-13H14H21-5H3(H2426)(H252829),WSTCEYSBWKYEDE-UHFFFAOYSA-N,,0
37 38,Molecule_37 Molecule_38,COC1=CC(=CC=C1NC1=NC2=C(N[C@H](C)C(C)(C)C)N=CC=C2C=N1)C1C=NN(C)C=1 COC1=CC(=CC=C1NC1=NC2=C(N[C@@H](C)C(C)(C)C)N=CC=C2C=N1)C1C=NN(C)C=1,1,[H]c1nn(C([H])([H])[H])c([H])c1-c1c([H])c([H])c(N([H])c2nc([H])c3c([H])c([H])nc(N([H])C([H])(C([H])([H])[H])C(C([H])([H])[H])(C([H])([H])[H])C([H])([H])[H])c3n2)c(OC([H])([H])[H])c1[H],InChI=1S/C24H29N7O/c1-15(24(23)4)28-22-21-17(9-10-25-22)12-26-23(30-21)29-19-8-7-16(11-20(19)32-6)18-13-27-31(5)14-18/h7-15H1-6H3(H2528)(H262930),XTJZKALDRPVFSN-UHFFFAOYSA-N,,0
39,Molecule_39,CN1C=NN=C1C1C=C(OC)C(=CC=1)NC1N=CC2=CC=NC(NCC(C)(C)C)=C2N=1,1,[H]c1nc(N([H])C([H])([H])C(C([H])([H])[H])(C([H])([H])[H])C([H])([H])[H])c2nc(N([H])c3c([H])c([H])c(-c4nnc([H])n4C([H])([H])[H])c([H])c3OC([H])([H])[H])nc([H])c2c1[H],InChI=1S/C22H26N8O/c1-22(23)12-25-19-18-15(8-9-23-19)11-24-21(28-18)27-16-7-6-14(10-17(16)31-5)20-29-26-13-30(20)4/h6-1113H12H21-5H3(H2325)(H242728),VZBGYKSZEPEEDD-UHFFFAOYSA-N,,0
40,Molecule_40,CC1C=C2C=NC(NC3=CC=C(C=C3OC)C3=CN=C(C)N3C)=NC2=C(NCC(C)(C)C)N=1,1,[H]c1nc(C([H])([H])[H])n(C([H])([H])[H])c1-c1c([H])c([H])c(N([H])c2nc([H])c3c([H])c(C([H])([H])[H])nc(N([H])C([H])([H])C(C([H])([H])[H])(C([H])([H])[H])C([H])([H])[H])c3n2)c(OC([H])([H])[H])c1[H],InChI=1S/C25H31N7O/c1-15-10-18-12-27-24(31-22(18)23(29-15)28-14-25(34)5)30-19-9-8-17(11-21(19)33-7)20-13-26-16(2)32(20)6/h8-13H14H21-7H3(H2829)(H273031),HMSPYGGDZVMDBA-UHFFFAOYSA-N,,0
41,Molecule_41,CC1C=C2C=NC(NC3=CC=C(C=C3OC)C3=NN=CN3C)=NC2=C(NCC(C)(C)C)N=1,1,[H]c1c([H])c(N([H])c2nc([H])c3c([H])c(C([H])([H])[H])nc(N([H])C([H])([H])C(C([H])([H])[H])(C([H])([H])[H])C([H])([H])[H])c3n2)c(OC([H])([H])[H])c([H])c1-c1nnc([H])n1C([H])([H])[H],InChI=1S/C23H28N8O/c1-14-9-16-11-24-22(29-19(16)20(27-14)25-12-23(23)4)28-17-8-7-15(10-18(17)32-6)21-30-26-13-31(21)5/h7-1113H12H21-6H3(H2527)(H242829),SIBUVHVSIBBFAL-UHFFFAOYSA-N,,0
42,Molecule_42,CC1C=C2C=NC(NC3=CC=C(C=C3OCC)C3=NN=CN3C)=NC2=C(NCC(C)(C)C)N=1,1,[H]c1c([H])c(N([H])c2nc([H])c3c([H])c(C([H])([H])[H])nc(N([H])C([H])([H])C(C([H])([H])[H])(C([H])([H])[H])C([H])([H])[H])c3n2)c(OC([H])([H])C([H])([H])[H])c([H])c1-c1nnc([H])n1C([H])([H])[H],InChI=1S/C24H30N8O/c1-7-33-19-11-16(22-31-27-14-32(22)6)8-9-18(19)29-23-25-12-17-10-15(2)28-21(20(17)30-23)26-13-24(34)5/h8-1214H713H21-6H3(H2628)(H252930),SGWLRDAOCLITOM-UHFFFAOYSA-N,,0
43,Molecule_43,CN1C=NN=C1C1C=C(OCC)C(=CC=1)NC1=NC2=C(N=C(C)C=C2C=N1)N1CC(C)(C1)C#N,1,[H]c1c([H])c(N([H])c2nc([H])c3c([H])c(C([H])([H])[H])nc(N4C([H])([H])C(C#N)(C([H])([H])[H])C4([H])[H])c3n2)c(OC([H])([H])C([H])([H])[H])c([H])c1-c1nnc([H])n1C([H])([H])[H],InChI=1S/C24H25N9O/c1-5-34-19-9-16(21-31-27-14-32(21)4)6-7-18(19)29-23-26-10-17-8-15(2)28-22(20(17)30-23)33-12-24(311-25)13-33/h6-1014H512-13H21-4H3(H262930),GYMNTUPVOUZTAY-UHFFFAOYSA-N,,0
44,Molecule_44,CN1C=NN=C1C1C=C(OCC)C(=CC=1)NC1=NC2=C(N=C(C)C=C2C=N1)N1CC2(C1)CCOCC2,1,[H]c1c([H])c(N([H])c2nc([H])c3c([H])c(C([H])([H])[H])nc(N4C([H])([H])C5(C4([H])[H])C([H])([H])C([H])([H])OC([H])([H])C5([H])[H])c3n2)c(OC([H])([H])C([H])([H])[H])c([H])c1-c1nnc([H])n1C([H])([H])[H],InChI=1S/C26H30N8O2/c1-4-36-21-12-18(23-32-28-16-33(23)3)5-6-20(21)30-25-27-13-19-11-17(2)29-24(22(19)31-25)34-14-26(15-34)7-9-35-10-8-26/h5-611-1316H47-1014-15H21-3H3(H273031),JFSVDNNSGLCJII-UHFFFAOYSA-N,,0
45,Molecule_45,CCOC1=CC(=CC=C1NC1N=CC2=CC(C)=NC(NCC(C)(C)C)=C2N=1)C1=NN=C(C)N1C,1,[H]c1c([H])c(N([H])c2nc([H])c3c([H])c(C([H])([H])[H])nc(N([H])C([H])([H])C(C([H])([H])[H])(C([H])([H])[H])C([H])([H])[H])c3n2)c(OC([H])([H])C([H])([H])[H])c([H])c1-c1nnc(C([H])([H])[H])n1C([H])([H])[H],InChI=1S/C25H32N8O/c1-8-34-20-12-17(23-32-31-16(3)33(23)7)9-10-19(20)29-24-26-13-18-11-15(2)28-22(21(18)30-24)27-14-25(45)6/h9-13H814H21-7H3(H2728)(H262930),OMONHEJVJYRTAT-UHFFFAOYSA-N,,0
46,Molecule_46,CN1C=NN=C1C1C=C(OCC)C(=CC=1)NC1=NC2=C(N=C(C)C=C2C=N1)N1CCC1(C)C,1,[H]c1c([H])c(N([H])c2nc([H])c3c([H])c(C([H])([H])[H])nc(N4C([H])([H])C([H])([H])C4(C([H])([H])[H])C([H])([H])[H])c3n2)c(OC([H])([H])C([H])([H])[H])c([H])c1-c1nnc([H])n1C([H])([H])[H],InChI=1S/C24H28N8O/c1-6-33-19-12-16(21-30-26-14-31(21)5)7-8-18(19)28-23-25-13-17-11-15(2)27-22(20(17)29-23)32-10-9-24(323)4/h7-811-14H69-10H21-5H3(H252829),KXQCJKRTBLRMTI-UHFFFAOYSA-N,,0
47,Molecule_47,CC1C=C2C=NC(NC3=CC=C(C=C3OCC)C3=NN=CN3C)=NC2=C(N[C@@H](C)C(C)(C)C)N=1,1,[H]c1c([H])c(N([H])c2nc([H])c3c([H])c(C([H])([H])[H])nc(N([H])C([H])(C([H])([H])[H])C(C([H])([H])[H])(C([H])([H])[H])C([H])([H])[H])c3n2)c(OC([H])([H])C([H])([H])[H])c([H])c1-c1nnc([H])n1C([H])([H])[H],InChI=1S/C25H32N8O/c1-8-34-20-12-17(23-32-27-14-33(23)7)9-10-19(20)30-24-26-13-18-11-15(2)28-22(21(18)31-24)29-16(3)25(45)6/h9-1416H8H21-7H3(H2829)(H263031),LFMAIWOVKYCOOZ-UHFFFAOYSA-N,,0
48,Molecule_48,CN1C=NN=C1C1C=C(OCC)C(=CC=1)NC1=NC2=C(N=C(C)C=C2C=N1)N1CCCC1,1,[H]c1c([H])c(N([H])c2nc([H])c3c([H])c(C([H])([H])[H])nc(N4C([H])([H])C([H])([H])C([H])([H])C4([H])[H])c3n2)c(OC([H])([H])C([H])([H])[H])c([H])c1-c1nnc([H])n1C([H])([H])[H],InChI=1S/C23H26N8O/c1-4-32-19-12-16(21-29-25-14-30(21)3)7-8-18(19)27-23-24-13-17-11-15(2)26-22(20(17)28-23)31-9-5-6-10-31/h7-811-14H4-69-10H21-3H3(H242728),VHRZLROQUWIXSC-UHFFFAOYSA-N,,0
49,Molecule_49,O=C(NC1CCNCC1)C1=NNC=C1NC(=O)C1C(Cl)=CC=CC=1Cl,1,O=C(NC1CCNCC1)c1[n][nH]cc1NC(=O)c1c(Cl)cccc1Cl,InChI=1S/C16H17Cl2N5O2/c17-10-2-1-3-11(18)13(10)15(24)22-12-8-20-23-14(12)16(25)21-9-4-6-19-7-5-9/h1-38-919H4-7H2(H2023)(H2125)(H2224),OVPNQJVDAFNBDN-UHFFFAOYSA-N,,0
50,Molecule_50,NS(=O)(=O)C1C=CC(=CC=1)NC1N=C(OCC2CCCCC2)C2N=CNC=2N=1,1,NS(=O)(=O)c1ccc(cc1)Nc1[n]c(OCC2CCCCC2)c2[n]c[nH]c2[n]1,InChI=1S/C18H22N6O3S/c19-28(2526)14-8-6-13(7-9-14)22-18-23-16-15(20-11-21-16)17(24-18)27-10-12-4-2-1-3-5-12/h6-911-12H1-510H2(H2192526)(H22021222324),OWXORKPNCHJYOF-UHFFFAOYSA-N,,0
51,Molecule_51,N#CC1C=CC(=CC=1)C1=NC2=CC=C(Cl)C=C2C(NC2C=C(NN=2)C2CC2)=N1,1,N#Cc1ccc(cc1)-c1[n]c(Nc2cc([nH][n]2)C2CC2)c2cc(Cl)ccc2[n]1,InChI=1S/C21H15ClN6/c22-15-7-8-17-16(9-15)21(25-19-10-18(27-28-19)13-5-6-13)26-20(24-17)14-3-1-12(11-23)2-4-14/h1-47-1013H5-6H2(H22425262728),KCPRSPILMCRMSU-UHFFFAOYSA-N,,0
52,Molecule_52,N#CC1C=C(C=CC=1)C1=NC2=CC=CC=C2C(NC2C=C(NN=2)C2CC2)=N1,1,N#Cc1cc(ccc1)-c1[n]c(Nc2cc([nH][n]2)C2CC2)c2ccccc2[n]1,InChI=1S/C21H16N6/c22-12-13-4-3-5-15(10-13)20-23-17-7-2-1-6-16(17)21(25-20)24-19-11-18(26-27-19)14-8-9-14/h1-710-1114H8-9H2(H22324252627),BKVJIBAADPVALB-UHFFFAOYSA-N,,0
53,Molecule_53,N#CC1=CC(=CC=C1)C1=NC2=CC=C(Cl)C=C2C(NC2C=C(NN=2)C2CC2)=N1,1,N#Cc1cc(ccc1)-c1[n]c(Nc2cc([nH][n]2)C2CC2)c2cc(Cl)ccc2[n]1,InChI=1S/C21H15ClN6/c22-15-6-7-17-16(9-15)21(25-19-10-18(27-28-19)13-4-5-13)26-20(24-17)14-3-1-2-12(8-14)11-23/h1-36-1013H4-5H2(H22425262728),UASKPELCJPQDEL-UHFFFAOYSA-N,,0
54,Molecule_54,N#CC1C=CC(=CC=1)C1=NC2=CC=CC=C2C(NC2C=C(NN=2)C2CC2)=N1,1,N#Cc1ccc(cc1)-c1[n]c(Nc2cc([nH][n]2)C2CC2)c2ccccc2[n]1,InChI=1S/C21H16N6/c22-12-13-5-7-15(8-6-13)20-23-17-4-2-1-3-16(17)21(25-20)24-19-11-18(26-27-19)14-9-10-14/h1-81114H9-10H2(H22324252627),UHNFOKVJWUABIX-UHFFFAOYSA-N,,0
55,Molecule_55,NS(=O)(=O)C1=CC=C(S1)C1=NC(=CC=N1)NC1C=C(NN=1)C1CC1,1,NS(=O)(=O)c1ccc([s]1)-c1[n]c(cc[n]1)Nc1cc([nH][n]1)C1CC1,InChI=1S/C14H14N6O2S2/c15-24(2122)13-4-3-10(23-13)14-16-6-5-11(18-14)17-12-7-9(19-20-12)8-1-2-8/h3-8H1-2H2(H2152122)(H21617181920),RQBXIYXQKQNKEN-UHFFFAOYSA-N,,0
56,Molecule_56,NS(=O)(=O)C1=CC=C(S1)C1=NC(NC2C=C(NN=2)C2CC2)=C(C=N1)C#N,1,NS(=O)(=O)c1ccc([s]1)-c1[n]c(Nc2cc([nH][n]2)C2CC2)c(c[n]1)C#N,InChI=1S/C15H13N7O2S2/c16-6-9-7-18-15(11-3-4-13(25-11)26(1723)24)20-14(9)19-12-5-10(21-22-12)8-1-2-8/h3-57-8H1-2H2(H2172324)(H21819202122),VWDBOWHYYMADQM-UHFFFAOYSA-N,,0
57,Molecule_57,NS(=O)(=O)C1=CC=C(S1)C1=NC(NC2C=C(NN=2)C2CC2)=C(Cl)C=N1,1,NS(=O)(=O)c1ccc([s]1)-c1[n]c(Nc2cc([nH][n]2)C2CC2)c(Cl)c[n]1,InChI=1S/C14H13ClN6O2S2/c15-8-6-17-14(10-3-4-12(24-10)25(1622)23)19-13(8)18-11-5-9(20-21-11)7-1-2-7/h3-7H1-2H2(H2162223)(H21718192021),KRMDPWLIHGQVGZ-UHFFFAOYSA-N,,0
58 158,Molecule_58 Molecule_158,CC1N=C(NC)SC=1C1N=C(NC2C=C(C=CC=2)C(=O)N2CCOCC2)N=CC=1C#N,1,[H]c1nc(N([H])c2c([H])c([H])c([H])c(C(=O)N3C([H])([H])C([H])([H])OC([H])([H])C3([H])[H])c2[H])nc(-c2sc(N([H])C([H])([H])[H])nc2C([H])([H])[H])c1C#N,InChI=1S/C21H21N7O2S/c1-13-18(31-21(23-2)25-13)17-15(11-22)12-24-20(27-17)26-16-5-3-4-14(10-16)19(29)28-6-8-30-9-7-28/h3-51012H6-9H21-2H3(H2325)(H242627),UFUGKBGESCNADR-UHFFFAOYSA-N,,0
59 157,Molecule_59 Molecule_157,CC1N=C(NC)SC=1C1N=C(NC2C=C(O)C=CC=2)N=CC=1C#N,1,[H]Oc1c([H])c([H])c([H])c(N([H])c2nc([H])c(C#N)c(-c3sc(N([H])C([H])([H])[H])nc3C([H])([H])[H])n2)c1[H],InChI=1S/C16H14N6OS/c1-9-14(24-16(18-2)20-9)13-10(7-17)8-19-15(22-13)21-11-4-3-5-12(23)6-11/h3-6823H1-2H3(H1820)(H192122),NYRVLHGVDPPWJS-UHFFFAOYSA-N,,0
60,Molecule_60,CN1CCN(CC1)C(=O)C1=CC(=CC=C1)NC1=NC(C2SC(NC)=NC=2C)=C(C=N1)C#N,1,[H]c1nc(N([H])c2c([H])c([H])c([H])c(C(=O)N3C([H])([H])C([H])([H])N(C([H])([H])[H])C([H])([H])C3([H])[H])c2[H])nc(-c2sc(N([H])C([H])([H])[H])nc2C([H])([H])[H])c1C#N,InChI=1S/C22H24N8OS/c1-14-19(32-22(24-2)26-14)18-16(12-23)13-25-21(28-18)27-17-6-4-5-15(11-17)20(31)30-9-7-29(3)8-10-30/h4-61113H7-10H21-3H3(H2426)(H252728),ROGLCZFAMZYZJO-UHFFFAOYSA-N,,0
61,Molecule_61,CNC1=NC(C)=C(S1)C1N=C(NC2C=C(C=CC=2)C(=O)N2CCN(CC2)C(C)=O)N=CC=1C#N,1,[H]c1nc(N([H])c2c([H])c([H])c([H])c(C(=O)N3C([H])([H])C([H])([H])N(C(=O)C([H])([H])[H])C([H])([H])C3([H])[H])c2[H])nc(-c2sc(N([H])C([H])([H])[H])nc2C([H])([H])[H])c1C#N,InChI=1S/C23H24N8O2S/c1-14-20(34-23(25-3)27-14)19-17(12-24)13-26-22(29-19)28-18-6-4-5-16(11-18)21(33)31-9-7-30(8-10-31)15(2)32/h4-61113H7-10H21-3H3(H2527)(H262829),APNXOACTQOYOLQ-UHFFFAOYSA-N,,0
62,Molecule_62,CC1N=C(NC)SC=1C1=CC=NC(NC2C=C(C=CC=2)C(=O)N2CCOCC2)=N1,1,[H]c1nc(N([H])c2c([H])c([H])c([H])c(C(=O)N3C([H])([H])C([H])([H])OC([H])([H])C3([H])[H])c2[H])nc(-c2sc(N([H])C([H])([H])[H])nc2C([H])([H])[H])c1[H],InChI=1S/C20H22N6O2S/c1-13-17(29-20(21-2)23-13)16-6-7-22-19(25-16)24-15-5-3-4-14(12-15)18(27)26-8-10-28-11-9-26/h3-712H8-11H21-2H3(H2123)(H222425),BVPOKPFALSNQSI-UHFFFAOYSA-N,,0
63,Molecule_63,CN1CCN(CC1)S(=O)(=O)C1=CC(=CC=C1)NC1=NC(C2SC(NC)=NC=2C)=C(C=N1)C#N,1,[H]c1nc(N([H])c2c([H])c([H])c([H])c(S(=O)(=O)N3C([H])([H])C([H])([H])N(C([H])([H])[H])C([H])([H])C3([H])[H])c2[H])nc(-c2sc(N([H])C([H])([H])[H])nc2C([H])([H])[H])c1C#N,InChI=1S/C21H24N8O2S2/c1-14-19(32-21(23-2)25-14)18-15(12-22)13-24-20(27-18)26-16-5-4-6-17(11-16)33(3031)29-9-7-28(3)8-10-29/h4-61113H7-10H21-3H3(H2325)(H242627),YKBWHMMFNLYZNJ-UHFFFAOYSA-N,,0
64,Molecule_64,CNC1=NC(C)=C(S1)C1N=C(NC2C=C(C(C)=CC=2)S(=O)(=O)N2CCOCC2)N=CC=1F,1,[H]c1nc(N([H])c2c([H])c([H])c(C([H])([H])[H])c(S(=O)(=O)N3C([H])([H])C([H])([H])OC([H])([H])C3([H])[H])c2[H])nc(-c2sc(N([H])C([H])([H])[H])nc2C([H])([H])[H])c1F,InChI=1S/C20H23FN6O3S2/c1-12-4-5-14(10-16(12)32(2829)27-6-8-30-9-7-27)25-19-23-11-15(21)17(26-19)18-13(2)24-20(22-3)31-18/h4-510-11H6-9H21-3H3(H2224)(H232526),JADZIABDRVBRMR-UHFFFAOYSA-N,,0
65,Molecule_65,CC1N=C(NC)SC=1C1N=C(NC2C=C(C=CC=2)S(=O)(=O)N2CCOCC2)N=CC=1C#N,1,[H]c1nc(N([H])c2c([H])c([H])c([H])c(S(=O)(=O)N3C([H])([H])C([H])([H])OC([H])([H])C3([H])[H])c2[H])nc(-c2sc(N([H])C([H])([H])[H])nc2C([H])([H])[H])c1C#N,InChI=1S/C20H21N7O3S2/c1-13-18(31-20(22-2)24-13)17-14(11-21)12-23-19(26-17)25-15-4-3-5-16(10-15)32(2829)27-6-8-30-9-7-27/h3-51012H6-9H21-2H3(H2224)(H232526),AFYLTDZJAWPVBM-UHFFFAOYSA-N,,0
66,Molecule_66,CC1N=C(NC)SC=1C1N=C(NC2C=C(C=CC=2)S(=O)(=O)NCCOC)N=CC=1F,1,[H]c1nc(N([H])c2c([H])c([H])c([H])c(S(=O)(=O)N([H])C([H])([H])C([H])([H])OC([H])([H])[H])c2[H])nc(-c2sc(N([H])C([H])([H])[H])nc2C([H])([H])[H])c1F,InChI=1S/C18H21FN6O3S2/c1-11-16(29-18(20-2)23-11)15-14(19)10-21-17(25-15)24-12-5-4-6-13(9-12)30(2627)22-7-8-28-3/h4-69-1022H7-8H21-3H3(H2023)(H212425),CGBFAYLLULJFBW-UHFFFAOYSA-N,,0
67,Molecule_67,CC1N=C(NC)SC=1C1N=C(NC2C=C(C=CC=2)S(=O)(=O)NCCOC)N=CC=1C#N,1,[H]c1nc(N([H])c2c([H])c([H])c([H])c(S(=O)(=O)N([H])C([H])([H])C([H])([H])OC([H])([H])[H])c2[H])nc(-c2sc(N([H])C([H])([H])[H])nc2C([H])([H])[H])c1C#N,InChI=1S/C19H21N7O3S2/c1-12-17(30-19(21-2)24-12)16-13(10-20)11-22-18(26-16)25-14-5-4-6-15(9-14)31(2728)23-7-8-29-3/h4-691123H7-8H21-3H3(H2124)(H222526),AZPRRIBSKMOFDL-UHFFFAOYSA-N,,0
68,Molecule_68,CC1N=C(NC)SC=1C1N=C(NC2C=C(C=CC=2)S(C)(=O)=O)N=CC=1C#N,1,[H]c1nc(N([H])c2c([H])c([H])c([H])c(S(=O)(=O)C([H])([H])[H])c2[H])nc(-c2sc(N([H])C([H])([H])[H])nc2C([H])([H])[H])c1C#N,InChI=1S/C17H16N6O2S2/c1-10-15(26-17(19-2)21-10)14-11(8-18)9-20-16(23-14)22-12-5-4-6-13(7-12)27(324)25/h4-79H1-3H3(H1921)(H202223),WVRPZYQKQWOMIH-UHFFFAOYSA-N,,0
69,Molecule_69,CN1CCN(CC1)C1C=C(C=CC=1)NC1=NC(=C(F)C=N1)C1SC(N)=NC=1C,1,[H]c1nc(N([H])c2c([H])c([H])c([H])c(N3C([H])([H])C([H])([H])N(C([H])([H])[H])C([H])([H])C3([H])[H])c2[H])nc(-c2sc(N([H])[H])nc2C([H])([H])[H])c1F,InChI=1S/C19H22FN7S/c1-12-17(28-18(21)23-12)16-15(20)11-22-19(25-16)24-13-4-3-5-14(10-13)27-8-6-26(2)7-9-27/h3-510-11H6-9H21-2H3(H22123)(H222425),LRPFDZCHJQTXPT-UHFFFAOYSA-N,,0
70,Molecule_70,CN1CCN(CC1)C1=CC(=CC=C1)NC1=NC(=C(F)C=N1)C1SC(NC)=NC=1C,1,[H]c1nc(N([H])c2c([H])c([H])c([H])c(N3C([H])([H])C([H])([H])N(C([H])([H])[H])C([H])([H])C3([H])[H])c2[H])nc(-c2sc(N([H])C([H])([H])[H])nc2C([H])([H])[H])c1F,InChI=1S/C20H24FN7S/c1-13-18(29-20(22-2)24-13)17-16(21)12-23-19(26-17)25-14-5-4-6-15(11-14)28-9-7-27(3)8-10-28/h4-611-12H7-10H21-3H3(H2224)(H232526),PJIPYWGIYRUKIG-UHFFFAOYSA-N,,0
71,Molecule_71,CC1N=C(N)SC=1C1N=C(NC2=CC(=CC=C2)N2CCN(CC2)C(C)=O)N=CC=1F,1,[H]c1nc(N([H])c2c([H])c([H])c([H])c(N3C([H])([H])C([H])([H])N(C(=O)C([H])([H])[H])C([H])([H])C3([H])[H])c2[H])nc(-c2sc(N([H])[H])nc2C([H])([H])[H])c1F,InChI=1S/C20H22FN7OS/c1-12-18(30-19(22)24-12)17-16(21)11-23-20(26-17)25-14-4-3-5-15(10-14)28-8-6-27(7-9-28)13(2)29/h3-510-11H6-9H21-2H3(H22224)(H232526),DLENXRXJIRCJJB-UHFFFAOYSA-N,,0
72,Molecule_72,CC1N=C(N)SC=1C1N=C(NC2C=C(C=CC=2)S(N)(=O)=O)N=CC=1F,1,[H]c1nc(N([H])c2c([H])c([H])c([H])c(S(=O)(=O)N([H])[H])c2[H])nc(-c2sc(N([H])[H])nc2C([H])([H])[H])c1F,InChI=1S/C14H13FN6O2S2/c1-7-12(24-13(16)19-7)11-10(15)6-18-14(21-11)20-8-3-2-4-9(5-8)25(1722)23/h2-6H1H3(H21619)(H2172223)(H182021),BQLLLVDIZXOQJD-UHFFFAOYSA-N,,0
73,Molecule_73,CC1N=C(NC)SC=1C1N=C(NC2C=C(C=CC=2)C(=O)NC2CCN(C)CC2)N=CC=1C#N,1,[H]c1nc(N([H])c2c([H])c([H])c([H])c(C(=O)N([H])C3([H])C([H])([H])C([H])([H])N(C([H])([H])[H])C([H])([H])C3([H])[H])c2[H])nc(-c2sc(N([H])C([H])([H])[H])nc2C([H])([H])[H])c1C#N,InChI=1S/C23H26N8OS/c1-14-20(33-23(25-2)27-14)19-16(12-24)13-26-22(30-19)29-18-6-4-5-15(11-18)21(32)28-17-7-9-31(3)10-8-17/h4-6111317H7-10H21-3H3(H2527)(H2832)(H262930),HAOOVLDCSQZODX-UHFFFAOYSA-N,,0
74,Molecule_74,CC1N=C(NC)SC=1C1N=C(NC2C=CC(=CC=2)C(=O)NC2CCN(C)CC2)N=CC=1C#N,1,[H]c1nc(N([H])c2c([H])c([H])c(C(=O)N([H])C3([H])C([H])([H])C([H])([H])N(C([H])([H])[H])C([H])([H])C3([H])[H])c([H])c2[H])nc(-c2sc(N([H])C([H])([H])[H])nc2C([H])([H])[H])c1C#N,InChI=1S/C23H26N8OS/c1-14-20(33-23(25-2)27-14)19-16(12-24)13-26-22(30-19)29-17-6-4-15(5-7-17)21(32)28-18-8-10-31(3)11-9-18/h4-71318H8-11H21-3H3(H2527)(H2832)(H262930),ANZDEYYSOIFTCU-UHFFFAOYSA-N,,0
75,Molecule_75,CC1N=C(NC)SC=1C1N=C(NC2C=C(C=CC=2)C(=O)NC2CCN(C)CC2)N=CC=1F,1,[H]c1nc(N([H])c2c([H])c([H])c([H])c(C(=O)N([H])C3([H])C([H])([H])C([H])([H])N(C([H])([H])[H])C([H])([H])C3([H])[H])c2[H])nc(-c2sc(N([H])C([H])([H])[H])nc2C([H])([H])[H])c1F,InChI=1S/C22H26FN7OS/c1-13-19(32-22(24-2)26-13)18-17(23)12-25-21(29-18)28-16-6-4-5-14(11-16)20(31)27-15-7-9-30(3)10-8-15/h4-611-1215H7-10H21-3H3(H2426)(H2731)(H252829),AFCWHBYSCXCKFL-UHFFFAOYSA-N,,0
76,Molecule_76,CS(=O)(=O)NC1C=C(CC(=O)NC2=NC(=CS2)C2=CNC3=NC=CC=C23)C=CC=1,1,CS(=O)(=O)Nc1cc(CC(=O)Nc2[n]c(c[s]2)-c2c[nH]c3[n]cccc23)ccc1,InChI=1S/C19H17N5O3S2/c1-29(2627)24-13-5-2-4-12(8-13)9-17(25)23-19-22-16(11-28-19)15-10-21-18-14(15)6-3-7-20-18/h2-810-1124H9H21H3(H2021)(H222325),HIUHVDROHDSKTC-UHFFFAOYSA-N,,0
77,Molecule_77,CN(C)CCC1=NN=C(C2C=C(OCC)C(=CC=2)NC2=NC3=C(NCC(C)(C)C)N=C(C)C=C3C=N2)N1C,1,[H]c1c([H])c(N([H])c2nc([H])c3c([H])c(C([H])([H])[H])nc(N([H])C([H])([H])C(C([H])([H])[H])(C([H])([H])[H])C([H])([H])[H])c3n2)c(OC([H])([H])C([H])([H])[H])c([H])c1-c1nnc(C([H])([H])C([H])([H])N(C([H])([H])[H])C([H])([H])[H])n1C([H])([H])[H],InChI=1S/C28H39N9O/c1-9-38-22-15-19(26-35-34-23(37(26)8)12-13-36(6)7)10-11-21(22)32-27-29-16-20-14-18(2)31-25(24(20)33-27)30-17-28(34)5/h10-1114-16H912-1317H21-8H3(H3031)(H293233),OQGWFLXBPGEVIM-UHFFFAOYSA-N,,0
78,Molecule_78,CN1C=NN=C1C1C=C(OCC)C(=CC=1)NC1=NC2=C(N=C(C)C=C2C=N1)N1CC(C)(C)C1,1,[H]c1c([H])c(N([H])c2nc([H])c3c([H])c(C([H])([H])[H])nc(N4C([H])([H])C(C([H])([H])[H])(C([H])([H])[H])C4([H])[H])c3n2)c(OC([H])([H])C([H])([H])[H])c([H])c1-c1nnc([H])n1C([H])([H])[H],InChI=1S/C24H28N8O/c1-6-33-19-10-16(21-30-26-14-31(21)5)7-8-18(19)28-23-25-11-17-9-15(2)27-22(20(17)29-23)32-12-24(34)13-32/h7-1114H612-13H21-5H3(H252829),NBCVGOXDQJIDNF-UHFFFAOYSA-N,,0
79,Molecule_79,CC1C=C2C=NC(NC3=CC=C(C=C3OC)C3=NN=C4CCCN43)=NC2=C(NCC(C)(C)C)N=1,1,[H]c1c([H])c(N([H])c2nc([H])c3c([H])c(C([H])([H])[H])nc(N([H])C([H])([H])C(C([H])([H])[H])(C([H])([H])[H])C([H])([H])[H])c3n2)c(OC([H])([H])[H])c([H])c1-c1nnc2n1C([H])([H])C([H])([H])C2([H])[H],InChI=1S/C25H30N8O/c1-15-11-17-13-26-24(30-21(17)22(28-15)27-14-25(23)4)29-18-9-8-16(12-19(18)34-5)23-32-31-20-7-6-10-33(20)23/h8-911-13H6-71014H21-5H3(H2728)(H262930),VDYTVNXJBMDQBM-UHFFFAOYSA-N,,0
80,Molecule_80,CC1N=C(NC2CCCC2)SC=1C1=CC=NC(NC2=CC=C(C=N2)N2CCCNCC2)=N1,1,[H]c1nc(N([H])c2nc([H])c(N3C([H])([H])C([H])([H])N([H])C([H])([H])C([H])([H])C3([H])[H])c([H])c2[H])nc(-c2sc(N([H])C3([H])C([H])([H])C([H])([H])C([H])([H])C3([H])[H])nc2C([H])([H])[H])c1[H],InChI=1S/C23H30N8S/c1-16-21(32-23(27-16)28-17-5-2-3-6-17)19-9-11-25-22(29-19)30-20-8-7-18(15-26-20)31-13-4-10-24-12-14-31/h7-911151724H2-61012-14H21H3(H2728)(H25262930),LICJOAWXMPKZSX-UHFFFAOYSA-N,,0
81,Molecule_81,CC1N=C(NC2CCCC2)SC=1C1N=C(NC2=CC=C(C=N2)N2CCNCC2)N=CC=1F,1,[H]c1nc(N([H])c2nc([H])c(N3C([H])([H])C([H])([H])N([H])C([H])([H])C3([H])[H])c([H])c2[H])nc(-c2sc(N([H])C3([H])C([H])([H])C([H])([H])C([H])([H])C3([H])[H])nc2C([H])([H])[H])c1F,InChI=1S/C22H27FN8S/c1-14-20(32-22(27-14)28-15-4-2-3-5-15)19-17(23)13-26-21(30-19)29-18-7-6-16(12-25-18)31-10-8-24-9-11-31/h6-712-131524H2-58-11H21H3(H2728)(H25262930),AMPDZRFNHCTPTF-UHFFFAOYSA-N,,0
82,Molecule_82,CC1N=C(NC2CCCC2)SC=1C1N=C(NC2=CC=C(C=N2)N2CCCNCC2)N=CC=1F,1,[H]c1nc(N([H])c2nc([H])c(N3C([H])([H])C([H])([H])N([H])C([H])([H])C([H])([H])C3([H])[H])c([H])c2[H])nc(-c2sc(N([H])C3([H])C([H])([H])C([H])([H])C([H])([H])C3([H])[H])nc2C([H])([H])[H])c1F,InChI=1S/C23H29FN8S/c1-15-21(33-23(28-15)29-16-5-2-3-6-16)20-18(24)14-27-22(31-20)30-19-8-7-17(13-26-19)32-11-4-9-25-10-12-32/h7-813-141625H2-69-12H21H3(H2829)(H26273031),IMDAAVXNKFRYNY-UHFFFAOYSA-N,,0
83,Molecule_83,CN1CCN(CC1)C1C=NC(=CC=1)NC1=NC(=C(F)C=N1)C1SC(NC2CCCC2)=NC=1C,1,[H]c1nc(N([H])c2nc([H])c(N3C([H])([H])C([H])([H])N(C([H])([H])[H])C([H])([H])C3([H])[H])c([H])c2[H])nc(-c2sc(N([H])C3([H])C([H])([H])C([H])([H])C([H])([H])C3([H])[H])nc2C([H])([H])[H])c1F,InChI=1S/C23H29FN8S/c1-15-21(33-23(27-15)28-16-5-3-4-6-16)20-18(24)14-26-22(30-20)29-19-8-7-17(13-25-19)32-11-9-31(2)10-12-32/h7-813-1416H3-69-12H21-2H3(H2728)(H25262930),ZFNZZKVYLDBWRD-UHFFFAOYSA-N,,0
84,Molecule_84,CC1N=C(NC2CCCC2)SC=1C1N=C(NC2=CC=C(C=N2)N2CCN(CC2)CC)N=CC=1F,1,[H]c1nc(N([H])c2nc([H])c(N3C([H])([H])C([H])([H])N(C([H])([H])C([H])([H])[H])C([H])([H])C3([H])[H])c([H])c2[H])nc(-c2sc(N([H])C3([H])C([H])([H])C([H])([H])C([H])([H])C3([H])[H])nc2C([H])([H])[H])c1F,InChI=1S/C24H31FN8S/c1-3-32-10-12-33(13-11-32)18-8-9-20(26-14-18)30-23-27-15-19(25)21(31-23)22-16(2)28-24(34-22)29-17-6-4-5-7-17/h8-914-1517H3-710-13H21-2H3(H2829)(H26273031),UVEBMCRIHHZDFG-UHFFFAOYSA-N,,0
85,Molecule_85,CC1N=C(NC2CCCC2)SC=1C1N=C(NC2=CC=C(C=N2)N2CCN(CC2)C(C)=O)N=CC=1F,1,[H]c1nc(N([H])c2nc([H])c(N3C([H])([H])C([H])([H])N(C(=O)C([H])([H])[H])C([H])([H])C3([H])[H])c([H])c2[H])nc(-c2sc(N([H])C3([H])C([H])([H])C([H])([H])C([H])([H])C3([H])[H])nc2C([H])([H])[H])c1F,InChI=1S/C24H29FN8OS/c1-15-22(35-24(28-15)29-17-5-3-4-6-17)21-19(25)14-27-23(31-21)30-20-8-7-18(13-26-20)33-11-9-32(10-12-33)16(2)34/h7-813-1417H3-69-12H21-2H3(H2829)(H26273031),FQOMMDNBEIZMGZ-UHFFFAOYSA-N,,0
86,Molecule_86,CC1N=C(NC2CCCC2)SC=1C1N=C(NC2=CC=C(C=N2)N2CCOCC2)N=CC=1F,1,[H]c1nc(N([H])c2nc([H])c(N3C([H])([H])C([H])([H])OC([H])([H])C3([H])[H])c([H])c2[H])nc(-c2sc(N([H])C3([H])C([H])([H])C([H])([H])C([H])([H])C3([H])[H])nc2C([H])([H])[H])c1F,InChI=1S/C22H26FN7OS/c1-14-20(32-22(26-14)27-15-4-2-3-5-15)19-17(23)13-25-21(29-19)28-18-7-6-16(12-24-18)30-8-10-31-11-9-30/h6-712-1315H2-58-11H21H3(H2627)(H24252829),ULIMVSSEPMLVHV-UHFFFAOYSA-N,,0
87,Molecule_87,FC(F)(F)C1N=C(NC2CCCC2)SC=1C1=CC=NC(NC2=CC=C(C=N2)N2CCOCC2)=N1,1,[H]c1nc(N([H])c2nc([H])c(N3C([H])([H])C([H])([H])OC([H])([H])C3([H])[H])c([H])c2[H])nc(-c2sc(N([H])C3([H])C([H])([H])C([H])([H])C([H])([H])C3([H])[H])nc2C(F)(F)F)c1[H],InChI=1S/C22H24F3N7OS/c23-22(2425)19-18(34-21(31-19)28-14-3-1-2-4-14)16-7-8-26-20(29-16)30-17-6-5-15(13-27-17)32-9-11-33-12-10-32/h5-813-14H1-49-12H2(H2831)(H26272930),RKKCETDJEOCIOI-UHFFFAOYSA-N,,0
88,Molecule_88,CC(=O)N1CCN(CC1)C1C=NC(=CC=1)NC1=NC(=CC=N1)C1SC(NC2CCCC2)=NC=1C(F)(F)F,1,[H]c1nc(N([H])c2nc([H])c(N3C([H])([H])C([H])([H])N(C(=O)C([H])([H])[H])C([H])([H])C3([H])[H])c([H])c2[H])nc(-c2sc(N([H])C3([H])C([H])([H])C([H])([H])C([H])([H])C3([H])[H])nc2C(F)(F)F)c1[H],InChI=1S/C24H27F3N8OS/c1-15(36)34-10-12-35(13-11-34)17-6-7-19(29-14-17)32-22-28-9-8-18(31-22)20-21(24(2526)27)33-23(37-20)30-16-4-2-3-5-16/h6-91416H2-510-13H21H3(H3033)(H28293132),BXSSOAIGLMVYQR-UHFFFAOYSA-N,,0
89,Molecule_89,CN1CCN(CC1)C1C=NC(=CC=1)NC1=NC(=CC=N1)C1SC(NC2CCCC2)=NC=1C(F)(F)F,1,[H]c1nc(N([H])c2nc([H])c(N3C([H])([H])C([H])([H])N(C([H])([H])[H])C([H])([H])C3([H])[H])c([H])c2[H])nc(-c2sc(N([H])C3([H])C([H])([H])C([H])([H])C([H])([H])C3([H])[H])nc2C(F)(F)F)c1[H],InChI=1S/C23H27F3N8S/c1-33-10-12-34(13-11-33)16-6-7-18(28-14-16)31-21-27-9-8-17(30-21)19-20(23(2425)26)32-22(35-19)29-15-4-2-3-5-15/h6-914-15H2-510-13H21H3(H2932)(H27283031),LUHGNQLUGTWNCL-UHFFFAOYSA-N,,0
90,Molecule_90,FC(F)(F)C1N=C(NC2CCCC2)SC=1C1=CC=NC(NC2=CC=C(C=N2)N2CCNCC2)=N1,1,[H]c1nc(N([H])c2nc([H])c(N3C([H])([H])C([H])([H])N([H])C([H])([H])C3([H])[H])c([H])c2[H])nc(-c2sc(N([H])C3([H])C([H])([H])C([H])([H])C([H])([H])C3([H])[H])nc2C(F)(F)F)c1[H],InChI=1S/C22H25F3N8S/c23-22(2425)19-18(34-21(32-19)29-14-3-1-2-4-14)16-7-8-27-20(30-16)31-17-6-5-15(13-28-17)33-11-9-26-10-12-33/h5-813-1426H1-49-12H2(H2932)(H27283031),XZQBJKPCLITHDB-UHFFFAOYSA-N,,0
91,Molecule_91,CC1N=C(NC(C)C)SC=1C1=CC=NC(NC2=CC=C(C=N2)N2CCOCC2)=N1,1,[H]c1nc(N([H])c2nc([H])c(N3C([H])([H])C([H])([H])OC([H])([H])C3([H])[H])c([H])c2[H])nc(-c2sc(N([H])C([H])(C([H])([H])[H])C([H])([H])[H])nc2C([H])([H])[H])c1[H],InChI=1S/C20H25N7OS/c1-13(2)23-20-24-14(3)18(29-20)16-6-7-21-19(25-16)26-17-5-4-15(12-22-17)27-8-10-28-11-9-27/h4-712-13H8-11H21-3H3(H2324)(H21222526),MIFCTDCDIAKSQG-UHFFFAOYSA-N,,0
92,Molecule_92,CC1N=C(NC(C)C)SC=1C1=CC=NC(NC2=CC=C(C=N2)N2CCN(CC2)C(C)=O)=N1,1,[H]c1nc(N([H])c2nc([H])c(N3C([H])([H])C([H])([H])N(C(=O)C([H])([H])[H])C([H])([H])C3([H])[H])c([H])c2[H])nc(-c2sc(N([H])C([H])(C([H])([H])[H])C([H])([H])[H])nc2C([H])([H])[H])c1[H],InChI=1S/C22H28N8OS/c1-14(2)25-22-26-15(3)20(32-22)18-7-8-23-21(27-18)28-19-6-5-17(13-24-19)30-11-9-29(10-12-30)16(4)31/h5-813-14H9-12H21-4H3(H2526)(H23242728),PTKMSTJCOJHQGV-UHFFFAOYSA-N,,0
93,Molecule_93,CN1CCN(CC1)C1C=NC(=CC=1)NC1=NC(=CC=N1)C1SC(NC(C)C)=NC=1C,1,[H]c1nc(N([H])c2nc([H])c(N3C([H])([H])C([H])([H])N(C([H])([H])[H])C([H])([H])C3([H])[H])c([H])c2[H])nc(-c2sc(N([H])C([H])(C([H])([H])[H])C([H])([H])[H])nc2C([H])([H])[H])c1[H],InChI=1S/C21H28N8S/c1-14(2)24-21-25-15(3)19(30-21)17-7-8-22-20(26-17)27-18-6-5-16(13-23-18)29-11-9-28(4)10-12-29/h5-813-14H9-12H21-4H3(H2425)(H22232627),USXJKWQIDCWKGZ-UHFFFAOYSA-N,,0
94,Molecule_94,CC1N=C(NC(C)C)SC=1C1=CC=NC(NC2=CC=C(C=N2)N2CCNCCC2)=N1,1,[H]c1nc(N([H])c2nc([H])c(N3C([H])([H])C([H])([H])N([H])C([H])([H])C([H])([H])C3([H])[H])c([H])c2[H])nc(-c2sc(N([H])C([H])(C([H])([H])[H])C([H])([H])[H])nc2C([H])([H])[H])c1[H],InChI=1S/C21H28N8S/c1-14(2)25-21-26-15(3)19(30-21)17-7-9-23-20(27-17)28-18-6-5-16(13-24-18)29-11-4-8-22-10-12-29/h5-7913-1422H4810-12H21-3H3(H2526)(H23242728),HBUAOMASWHOWJB-UHFFFAOYSA-N,,0
95,Molecule_95,CC1N=C(NC(C)C)SC=1C1=CC=NC(NC2=CC=C(C=N2)N2CCNCC2)=N1,1,[H]c1nc(N([H])c2nc([H])c(N3C([H])([H])C([H])([H])N([H])C([H])([H])C3([H])[H])c([H])c2[H])nc(-c2sc(N([H])C([H])(C([H])([H])[H])C([H])([H])[H])nc2C([H])([H])[H])c1[H],InChI=1S/C20H26N8S/c1-13(2)24-20-25-14(3)18(29-20)16-6-7-22-19(26-16)27-17-5-4-15(12-23-17)28-10-8-21-9-11-28/h4-712-1321H8-11H21-3H3(H2425)(H22232627),QRNHMYCAPGHBKI-UHFFFAOYSA-N,,0
96,Molecule_96,CC1N=C(SC=1C1=CC=NC(NC2=CC=C(C=N2)N2CCN(C)CC2)=N1)N(C)C1C=CC=CC=1,1,[H]c1nc(N([H])c2nc([H])c(N3C([H])([H])C([H])([H])N(C([H])([H])[H])C([H])([H])C3([H])[H])c([H])c2[H])nc(-c2sc(N(c3c([H])c([H])c([H])c([H])c3[H])C([H])([H])[H])nc2C([H])([H])[H])c1[H],InChI=1S/C25H28N8S/c1-18-23(34-25(28-18)32(3)19-7-5-4-6-8-19)21-11-12-26-24(29-21)30-22-10-9-20(17-27-22)33-15-13-31(2)14-16-33/h4-1217H13-16H21-3H3(H26272930),HCDMSNJPLKSFOG-UHFFFAOYSA-N,,0
97,Molecule_97,CN(C)C1CCN(CC1)C1=CC=C(NC2=NC(C3SC(NC4CCCC4)=NC=3C)=C(F)C=N2)N=C1,1,[H]c1nc(N([H])c2nc([H])c(N3C([H])([H])C([H])([H])C([H])(N(C([H])([H])[H])C([H])([H])[H])C([H])([H])C3([H])[H])c([H])c2[H])nc(-c2sc(N([H])C3([H])C([H])([H])C([H])([H])C([H])([H])C3([H])[H])nc2C([H])([H])[H])c1F,InChI=1S/C25H33FN8S/c1-16-23(35-25(29-16)30-17-6-4-5-7-17)22-20(26)15-28-24(32-22)31-21-9-8-19(14-27-21)34-12-10-18(11-13-34)33(2)3/h8-914-1517-18H4-710-13H21-3H3(H2930)(H27283132),LDHMPOHMNQEDFG-UHFFFAOYSA-N,,0
98,Molecule_98,CC1N=C(NC2CCCC2)SC=1C1N=C(NC2=CC=C(C=N2)N2CCN(CC2)S(C)(=O)=O)N=CC=1F,1,[H]c1nc(N([H])c2nc([H])c(N3C([H])([H])C([H])([H])N(S(=O)(=O)C([H])([H])[H])C([H])([H])C3([H])[H])c([H])c2[H])nc(-c2sc(N([H])C3([H])C([H])([H])C([H])([H])C([H])([H])C3([H])[H])nc2C([H])([H])[H])c1F,InChI=1S/C23H29FN8O2S2/c1-15-21(35-23(27-15)28-16-5-3-4-6-16)20-18(24)14-26-22(30-20)29-19-8-7-17(13-25-19)31-9-11-32(12-10-31)36(233)34/h7-813-1416H3-69-12H21-2H3(H2728)(H25262930),HDKIHQOXUMCGPU-UHFFFAOYSA-N,,0
99,Molecule_99,CC1N=C(NC2CCCC2)SC=1C1N=C(NC2=CC=C(CN3CCN(CC3)CC)C=N2)N=CC=1F,1,[H]c1nc(N([H])c2nc([H])c(C([H])([H])N3C([H])([H])C([H])([H])N(C([H])([H])C([H])([H])[H])C([H])([H])C3([H])[H])c([H])c2[H])nc(-c2sc(N([H])C3([H])C([H])([H])C([H])([H])C([H])([H])C3([H])[H])nc2C([H])([H])[H])c1F,InChI=1S/C25H33FN8S/c1-3-33-10-12-34(13-11-33)16-18-8-9-21(27-14-18)31-24-28-15-20(26)22(32-24)23-17(2)29-25(35-23)30-19-6-4-5-7-19/h8-914-1519H3-710-1316H21-2H3(H2930)(H27283132),POFVJRKJJBFPII-UHFFFAOYSA-N,,0
100,Molecule_100,CC1N=C(NC2CCCC2)SC=1C1=CC=NC(NC2=CC=C(CN3CCN(CC3)CC)C=N2)=N1,1,[H]c1nc(N([H])c2nc([H])c(C([H])([H])N3C([H])([H])C([H])([H])N(C([H])([H])C([H])([H])[H])C([H])([H])C3([H])[H])c([H])c2[H])nc(-c2sc(N([H])C3([H])C([H])([H])C([H])([H])C([H])([H])C3([H])[H])nc2C([H])([H])[H])c1[H],InChI=1S/C25H34N8S/c1-3-32-12-14-33(15-13-32)17-19-8-9-22(27-16-19)31-24-26-11-10-21(30-24)23-18(2)28-25(34-23)29-20-6-4-5-7-20/h8-111620H3-712-1517H21-2H3(H2829)(H26273031),VJFMIBISXQANRG-UHFFFAOYSA-N,,0
101,Molecule_101,O=CN1CCN(CC1)C1C=NC(=CC=1)NC1=NC(=CC=N1)C1SC(NC2CCCC2)=NC=1C(F)(F)F,1,[H]C(=O)N1C([H])([H])C([H])([H])N(c2c([H])nc(N([H])c3nc([H])c([H])c(-c4sc(N([H])C5([H])C([H])([H])C([H])([H])C([H])([H])C5([H])[H])nc4C(F)(F)F)n3)c([H])c2[H])C([H])([H])C1([H])[H],InChI=1S/C23H25F3N8OS/c24-23(2526)20-19(36-22(32-20)29-15-3-1-2-4-15)17-7-8-27-21(30-17)31-18-6-5-16(13-28-18)34-11-9-33(14-35)10-12-34/h5-813-15H1-49-12H2(H2932)(H27283031),XLZANAXESDHDPY-UHFFFAOYSA-N,,0
102,Molecule_102,CN(C1CCCC1)C1=NC(C)=C(S1)C1=CC=NC(NC2=CC=C(C=N2)N2CCN(CC2)C(C)=O)=N1,1,[H]c1nc(N([H])c2nc([H])c(N3C([H])([H])C([H])([H])N(C(=O)C([H])([H])[H])C([H])([H])C3([H])[H])c([H])c2[H])nc(-c2sc(N(C([H])([H])[H])C3([H])C([H])([H])C([H])([H])C([H])([H])C3([H])[H])nc2C([H])([H])[H])c1[H],InChI=1S/C25H32N8OS/c1-17-23(35-25(28-17)31(3)19-6-4-5-7-19)21-10-11-26-24(29-21)30-22-9-8-20(16-27-22)33-14-12-32(13-15-33)18(2)34/h8-111619H4-712-15H21-3H3(H26272930),GYTNVEDSWNLDQV-UHFFFAOYSA-N,,0
103,Molecule_103,CC1N=C(SC=1C1=CC=NC(NC2=CC=C(C=N2)N2CCN(C)CC2)=N1)N(C)C1CCCC1,1,[H]c1nc(N([H])c2nc([H])c(N3C([H])([H])C([H])([H])N(C([H])([H])[H])C([H])([H])C3([H])[H])c([H])c2[H])nc(-c2sc(N(C([H])([H])[H])C3([H])C([H])([H])C([H])([H])C([H])([H])C3([H])[H])nc2C([H])([H])[H])c1[H],InChI=1S/C24H32N8S/c1-17-22(33-24(27-17)31(3)18-6-4-5-7-18)20-10-11-25-23(28-20)29-21-9-8-19(16-26-21)32-14-12-30(2)13-15-32/h8-111618H4-712-15H21-3H3(H25262829),OHNWSWSUMDWFSA-UHFFFAOYSA-N,,0
104,Molecule_104,CN(C1CCCC1)C1=NC(C)=C(S1)C1=CC=NC(NC2=CC=C(C=N2)N2CCNCC2)=N1,1,[H]c1nc(N([H])c2nc([H])c(N3C([H])([H])C([H])([H])N([H])C([H])([H])C3([H])[H])c([H])c2[H])nc(-c2sc(N(C([H])([H])[H])C3([H])C([H])([H])C([H])([H])C([H])([H])C3([H])[H])nc2C([H])([H])[H])c1[H],InChI=1S/C23H30N8S/c1-16-21(32-23(27-16)30(2)17-5-3-4-6-17)19-9-10-25-22(28-19)29-20-8-7-18(15-26-20)31-13-11-24-12-14-31/h7-10151724H3-611-14H21-2H3(H25262829),VSTBDMYJXAWENH-UHFFFAOYSA-N,,0
105,Molecule_105,CC1N=C(NC2CCCC2)SC=1C1=CC=NC(NC2=CC=C(C=N2)N2CCN(CC2)S(C)(=O)=O)=N1,1,[H]c1nc(N([H])c2nc([H])c(N3C([H])([H])C([H])([H])N(S(=O)(=O)C([H])([H])[H])C([H])([H])C3([H])[H])c([H])c2[H])nc(-c2sc(N([H])C3([H])C([H])([H])C([H])([H])C([H])([H])C3([H])[H])nc2C([H])([H])[H])c1[H],InChI=1S/C23H30N8O2S2/c1-16-21(34-23(26-16)27-17-5-3-4-6-17)19-9-10-24-22(28-19)29-20-8-7-18(15-25-20)30-11-13-31(14-12-30)35(232)33/h7-101517H3-611-14H21-2H3(H2627)(H24252829),ZIWFXQFVSGOWAZ-UHFFFAOYSA-N,,0
106,Molecule_106,CC1N=C(NC2CCCC2)SC=1C1=CC=NC(NC2=CC=C(C=N2)N2CCC(N)CC2)=N1,1,[H]c1nc(N([H])c2nc([H])c(N3C([H])([H])C([H])([H])C([H])(N([H])[H])C([H])([H])C3([H])[H])c([H])c2[H])nc(-c2sc(N([H])C3([H])C([H])([H])C([H])([H])C([H])([H])C3([H])[H])nc2C([H])([H])[H])c1[H],InChI=1S/C23H30N8S/c1-15-21(32-23(27-15)28-17-4-2-3-5-17)19-8-11-25-22(29-19)30-20-7-6-18(14-26-20)31-12-9-16(24)10-13-31/h6-8111416-17H2-59-1012-1324H21H3(H2728)(H25262930),SHEPFXMPLORKLW-UHFFFAOYSA-N,,0
107,Molecule_107,CC1N=C(NC2CCCC2)SC=1C1=CC=NC(NC2=CC=C(C=N2)N2CCOCC2)=N1,1,[H]c1nc(N([H])c2nc([H])c(N3C([H])([H])C([H])([H])OC([H])([H])C3([H])[H])c([H])c2[H])nc(-c2sc(N([H])C3([H])C([H])([H])C([H])([H])C([H])([H])C3([H])[H])nc2C([H])([H])[H])c1[H],InChI=1S/C22H27N7OS/c1-15-20(31-22(25-15)26-16-4-2-3-5-16)18-8-9-23-21(27-18)28-19-7-6-17(14-24-19)29-10-12-30-13-11-29/h6-91416H2-510-13H21H3(H2526)(H23242728),UGKFAPJXEKVBHI-UHFFFAOYSA-N,,0
108,Molecule_108,CC1N=C(NC2CCCC2)SC=1C1=CC=NC(NC2=CC=C(C=N2)N2CCN(CC2)C(C)=O)=N1,1,[H]c1nc(N([H])c2nc([H])c(N3C([H])([H])C([H])([H])N(C(=O)C([H])([H])[H])C([H])([H])C3([H])[H])c([H])c2[H])nc(-c2sc(N([H])C3([H])C([H])([H])C([H])([H])C([H])([H])C3([H])[H])nc2C([H])([H])[H])c1[H],InChI=1S/C24H30N8OS/c1-16-22(34-24(27-16)28-18-5-3-4-6-18)20-9-10-25-23(29-20)30-21-8-7-19(15-26-21)32-13-11-31(12-14-32)17(2)33/h7-101518H3-611-14H21-2H3(H2728)(H25262930),ONRJNVZFOSHIQI-UHFFFAOYSA-N,,0
109,Molecule_109,CC1N=C(NC2CCCC2)SC=1C1=CC=NC(NC2=CC=C(C=N2)N2CCN(CC2)CC)=N1,1,[H]c1nc(N([H])c2nc([H])c(N3C([H])([H])C([H])([H])N(C([H])([H])C([H])([H])[H])C([H])([H])C3([H])[H])c([H])c2[H])nc(-c2sc(N([H])C3([H])C([H])([H])C([H])([H])C([H])([H])C3([H])[H])nc2C([H])([H])[H])c1[H],InChI=1S/C24H32N8S/c1-3-31-12-14-32(15-13-31)19-8-9-21(26-16-19)30-23-25-11-10-20(29-23)22-17(2)27-24(33-22)28-18-6-4-5-7-18/h8-111618H3-712-15H21-2H3(H2728)(H25262930),QLTMJJAAHXGJMD-UHFFFAOYSA-N,,0
110,Molecule_110,CN1CCN(CC1)C1C=NC(=CC=1)NC1=NC(=CC=N1)C1SC(NC2CCCC2)=NC=1C,1,[H]c1nc(N([H])c2nc([H])c(N3C([H])([H])C([H])([H])N(C([H])([H])[H])C([H])([H])C3([H])[H])c([H])c2[H])nc(-c2sc(N([H])C3([H])C([H])([H])C([H])([H])C([H])([H])C3([H])[H])nc2C([H])([H])[H])c1[H],InChI=1S/C23H30N8S/c1-16-21(32-23(26-16)27-17-5-3-4-6-17)19-9-10-24-22(28-19)29-20-8-7-18(15-25-20)31-13-11-30(2)12-14-31/h7-101517H3-611-14H21-2H3(H2627)(H24252829),OIQCBGFNCAFMQX-UHFFFAOYSA-N,,0
111,Molecule_111,NS(=O)(=O)C1C=C(C=CC=1)NC1=NC2CCCCC=2C=N1,1,[H]c1nc(N([H])c2c([H])c([H])c([H])c(S(=O)(=O)N([H])[H])c2[H])nc2c1C([H])([H])C([H])([H])C([H])([H])C2([H])[H],InChI=1S/C14H16N4O2S/c15-21(1920)12-6-3-5-11(8-12)17-14-16-9-10-4-1-2-7-13(10)18-14/h35-68-9H1-247H2(H2151920)(H161718),ASNDURJGUUDPHG-UHFFFAOYSA-N,,0
112,Molecule_112,CC1C=C(C=CC=1)NC1=NC2CCCCC=2C=N1,1,[H]c1nc(N([H])c2c([H])c([H])c([H])c(C([H])([H])[H])c2[H])nc2c1C([H])([H])C([H])([H])C([H])([H])C2([H])[H],InChI=1S/C15H17N3/c1-11-5-4-7-13(9-11)17-15-16-10-12-6-2-3-8-14(12)18-15/h4-579-10H2-368H21H3(H161718),IPZUHNOYKQXXBS-UHFFFAOYSA-N,,0
113,Molecule_113,COC1C=C(C=CC=1)NC1=NC2CCCCC=2C=N1,1,[H]c1nc(N([H])c2c([H])c([H])c([H])c(OC([H])([H])[H])c2[H])nc2c1C([H])([H])C([H])([H])C([H])([H])C2([H])[H],InChI=1S/C15H17N3O/c1-19-13-7-4-6-12(9-13)17-15-16-10-11-5-2-3-8-14(11)18-15/h46-79-10H2-358H21H3(H161718),DYNWEDRLLZIBOF-UHFFFAOYSA-N,,0
114,Molecule_114,[O-][N+](=O)C1C=C(C=CC=1)NC1=NC2CCCCC=2C=N1,1,[H]c1nc(N([H])c2c([H])c([H])c([H])c([N+](=O)[O-])c2[H])nc2c1C([H])([H])C([H])([H])C([H])([H])C2([H])[H],InChI=1S/C14H14N4O2/c19-18(20)12-6-3-5-11(8-12)16-14-15-9-10-4-1-2-7-13(10)17-14/h35-68-9H1-247H2(H151617),IDELUCHFZTYRPZ-UHFFFAOYSA-N,,0
115,Molecule_115,CC1=CC=CC=C1NC1=NC2CCCCC=2C=N1,1,[H]c1nc(N([H])c2c([H])c([H])c([H])c([H])c2C([H])([H])[H])nc2c1C([H])([H])C([H])([H])C([H])([H])C2([H])[H],InChI=1S/C15H17N3/c1-11-6-2-4-8-13(11)17-15-16-10-12-7-3-5-9-14(12)18-15/h246810H3579H21H3(H161718),GXNCJJUXJCUZSD-UHFFFAOYSA-N,,0
116,Molecule_116,CC1C=CC(=CC=1)NC1=NC2CCCCC=2C=N1,1,[H]c1nc(N([H])c2c([H])c([H])c(C([H])([H])[H])c([H])c2[H])nc2c1C([H])([H])C([H])([H])C([H])([H])C2([H])[H],InChI=1S/C15H17N3/c1-11-6-8-13(9-7-11)17-15-16-10-12-4-2-3-5-14(12)18-15/h6-10H2-5H21H3(H161718),DQBAQLBXYGRJMA-UHFFFAOYSA-N,,0
117,Molecule_117,COC1C=CC(=CC=1)C(=O)C=CNC1=CC(=NN1C1C=CC=CC=1)C1C=CC=CC=1,1,[H]C(=Nc1c([H])c(-c2c([H])c([H])c([H])c([H])c2[H])nn1-c1c([H])c([H])c([H])c([H])c1[H])C([H])([H])C(=O)c1c([H])c([H])c(OC([H])([H])[H])c([H])c1[H],InChI=1S/C25H21N3O2/c1-30-22-14-12-20(13-15-22)24(29)16-17-26-25-18-23(19-8-4-2-5-9-19)27-28(25)21-10-6-3-7-11-21/h2-1517-18H16H21H3,ZZYWESMDJAVZCU-UHFFFAOYSA-N,,0
118,Molecule_118,FC1C=CC(=CC=1)C1C=CN=C2C=1C(=NN2C1C=CC=CC=1)C1C=CC=CC=1,1,[H]c1nc2c(c(-c3c([H])c([H])c([H])c([H])c3[H])nn2-c2c([H])c([H])c([H])c([H])c2[H])c(-c2c([H])c([H])c(F)c([H])c2[H])c1[H],InChI=1S/C24H16FN3/c25-19-13-11-17(12-14-19)21-15-16-26-24-22(21)23(18-7-3-1-4-8-18)27-28(24)20-9-5-2-6-10-20/h1-16H,YUJQCKBKJPDNIA-UHFFFAOYSA-N,,0
119,Molecule_119,COC1=CC=C(C=C1)C1=NC2=C(C(=NN2C2=CC=CC=C2)C2=CC=CC=C2)C(C2=CC=C(C=C2)N2CCOCC2)=C1C#N,1,[H]c1c([H])c([H])c(-c2nn(-c3c([H])c([H])c([H])c([H])c3[H])c3nc(-c4c([H])c([H])c(OC([H])([H])[H])c([H])c4[H])c(C#N)c(-c4c([H])c([H])c(N5C([H])([H])C([H])([H])OC([H])([H])C5([H])[H])c([H])c4[H])c23)c([H])c1[H],InChI=1S/C36H29N5O2/c1-42-30-18-14-27(15-19-30)34-31(24-37)32(25-12-16-28(17-13-25)40-20-22-43-23-21-40)33-35(26-8-4-2-5-9-26)39-41(36(33)38-34)29-10-6-3-7-11-29/h2-19H20-23H21H3,IIBAZCJTYALPIR-UHFFFAOYSA-N,,0
120,Molecule_120,CN1CCN(CC1)C1C=CC(=CC=1)C1=C(C#N)C(=NC2=C1C(=NN2C1C=CC=CC=1)C1C=CC=CC=1)C1C=CC(=CC=1)OC,1,[H]c1c([H])c([H])c(-c2nn(-c3c([H])c([H])c([H])c([H])c3[H])c3nc(-c4c([H])c([H])c(OC([H])([H])[H])c([H])c4[H])c(C#N)c(-c4c([H])c([H])c(N5C([H])([H])C([H])([H])N(C([H])([H])[H])C([H])([H])C5([H])[H])c([H])c4[H])c23)c([H])c1[H],InChI=1S/C37H32N6O/c1-41-21-23-42(24-22-41)29-17-13-26(14-18-29)33-32(25-38)35(28-15-19-31(44-2)20-16-28)39-37-34(33)36(27-9-5-3-6-10-27)40-43(37)30-11-7-4-8-12-30/h3-20H21-24H21-2H3,MMYWILWEDPWJHZ-UHFFFAOYSA-N,,0
121,Molecule_121,CN1CCN(CC1)C1=CC(=CC=C1)NC1=NC(=C(Cl)C=N1)C1SC(NC)=NC=1C,1,[H]c1nc(N([H])c2c([H])c([H])c([H])c(N3C([H])([H])C([H])([H])N(C([H])([H])[H])C([H])([H])C3([H])[H])c2[H])nc(-c2sc(N([H])C([H])([H])[H])nc2C([H])([H])[H])c1Cl,InChI=1S/C20H24ClN7S/c1-13-18(29-20(22-2)24-13)17-16(21)12-23-19(26-17)25-14-5-4-6-15(11-14)28-9-7-27(3)8-10-28/h4-611-12H7-10H21-3H3(H2224)(H232526),CSIAVORBNYKYNX-UHFFFAOYSA-N,,0
122,Molecule_122,CC1N=C(NC)SC=1C1N=C(NC2C=C(C=CC=2)N2CCOCC2)N=CC=1Cl,1,[H]c1nc(N([H])c2c([H])c([H])c([H])c(N3C([H])([H])C([H])([H])OC([H])([H])C3([H])[H])c2[H])nc(-c2sc(N([H])C([H])([H])[H])nc2C([H])([H])[H])c1Cl,InChI=1S/C19H21ClN6OS/c1-12-17(28-19(21-2)23-12)16-15(20)11-22-18(25-16)24-13-4-3-5-14(10-13)26-6-8-27-9-7-26/h3-510-11H6-9H21-2H3(H2123)(H222425),PUBSTGHGWFWUTL-UHFFFAOYSA-N,,0
123,Molecule_123,CNC1=NC(C)=C(S1)C1N=C(NC2C=C(C=CC=2)N2CCOCC2)N=CC=1C,1,[H]c1nc(N([H])c2c([H])c([H])c([H])c(N3C([H])([H])C([H])([H])OC([H])([H])C3([H])[H])c2[H])nc(-c2sc(N([H])C([H])([H])[H])nc2C([H])([H])[H])c1C([H])([H])[H],InChI=1S/C20H24N6OS/c1-13-12-22-19(25-17(13)18-14(2)23-20(21-3)28-18)24-15-5-4-6-16(11-15)26-7-9-27-10-8-26/h4-611-12H7-10H21-3H3(H2123)(H222425),ZIUVOODMQVKJEA-UHFFFAOYSA-N,,0
124,Molecule_124,CNC1=NC(C)=C(S1)C1N=C(NC2C=C(C=CC=2)N2CCN(CC2)C(C)=O)N=CC=1C,1,[H]c1nc(N([H])c2c([H])c([H])c([H])c(N3C([H])([H])C([H])([H])N(C(=O)C([H])([H])[H])C([H])([H])C3([H])[H])c2[H])nc(-c2sc(N([H])C([H])([H])[H])nc2C([H])([H])[H])c1C([H])([H])[H],InChI=1S/C22H27N7OS/c1-14-13-24-21(27-19(14)20-15(2)25-22(23-4)31-20)26-17-6-5-7-18(12-17)29-10-8-28(9-11-29)16(3)30/h5-712-13H8-11H21-4H3(H2325)(H242627),ABMHADFXETUEKB-UHFFFAOYSA-N,,0
125,Molecule_125,CC(=O)N1CCN(CC1)C1C=C(C=CC=1)NC1=NC2C3SC(N)=NC=3CCC=2C=N1,1,[H]c1nc(N([H])c2c([H])c([H])c([H])c(N3C([H])([H])C([H])([H])N(C(=O)C([H])([H])[H])C([H])([H])C3([H])[H])c2[H])nc2c1C([H])([H])C([H])([H])c1nc(N([H])[H])sc1-2,InChI=1S/C21H23N7OS/c1-13(29)27-7-9-28(10-8-27)16-4-2-3-15(11-16)24-21-23-12-14-5-6-17-19(18(14)26-21)30-20(22)25-17/h2-411-12H5-10H21H3(H22225)(H232426),OZPGXTWXUQVREL-UHFFFAOYSA-N,,0
126,Molecule_126,CNC1=NC(C)=C(S1)C1N=C(NC2=CC=CC(=C2)N2CCNCC2)N=CC=1C,1,[H]c1nc(N([H])c2c([H])c([H])c([H])c(N3C([H])([H])C([H])([H])N([H])C([H])([H])C3([H])[H])c2[H])nc(-c2sc(N([H])C([H])([H])[H])nc2C([H])([H])[H])c1C([H])([H])[H],InChI=1S/C20H25N7S/c1-13-12-23-19(26-17(13)18-14(2)24-20(21-3)28-18)25-15-5-4-6-16(11-15)27-9-7-22-8-10-27/h4-611-1222H7-10H21-3H3(H2124)(H232526),GZDFPDSMIHMTRU-UHFFFAOYSA-N,,0
127,Molecule_127,CN1CCN(CC1)C1=CC(=CC=C1)NC1=NC(C2SC(NC)=NC=2C)=C(C)C=N1,1,[H]c1nc(N([H])c2c([H])c([H])c([H])c(N3C([H])([H])C([H])([H])N(C([H])([H])[H])C([H])([H])C3([H])[H])c2[H])nc(-c2sc(N([H])C([H])([H])[H])nc2C([H])([H])[H])c1C([H])([H])[H],InChI=1S/C21H27N7S/c1-14-13-23-20(26-18(14)19-15(2)24-21(22-3)29-19)25-16-6-5-7-17(12-16)28-10-8-27(4)9-11-28/h5-712-13H8-11H21-4H3(H2224)(H232526),TZUWFXHCJVWHSH-UHFFFAOYSA-N,,0
128,Molecule_128,CNC1=NC(C)=C(S1)C1N=C(NC2C=C(C=CC=2)N2CCN(CC2)S(C)(=O)=O)N=CC=1C,1,[H]c1nc(N([H])c2c([H])c([H])c([H])c(N3C([H])([H])C([H])([H])N(S(=O)(=O)C([H])([H])[H])C([H])([H])C3([H])[H])c2[H])nc(-c2sc(N([H])C([H])([H])[H])nc2C([H])([H])[H])c1C([H])([H])[H],InChI=1S/C21H27N7O2S2/c1-14-13-23-20(26-18(14)19-15(2)24-21(22-3)31-19)25-16-6-5-7-17(12-16)27-8-10-28(11-9-27)32(429)30/h5-712-13H8-11H21-4H3(H2224)(H232526),BSUDUKKQFRGZBK-UHFFFAOYSA-N,,0
129,Molecule_129,CNC1=NC(C)=C(S1)C1N=C(NC2=CC=CC(=C2)N2CCNCCC2)N=CC=1C,1,[H]c1nc(N([H])c2c([H])c([H])c([H])c(N3C([H])([H])C([H])([H])N([H])C([H])([H])C([H])([H])C3([H])[H])c2[H])nc(-c2sc(N([H])C([H])([H])[H])nc2C([H])([H])[H])c1C([H])([H])[H],InChI=1S/C21H27N7S/c1-14-13-24-20(27-18(14)19-15(2)25-21(22-3)29-19)26-16-6-4-7-17(12-16)28-10-5-8-23-9-11-28/h46-712-1323H58-11H21-3H3(H2225)(H242627),DIHQGMJAKVBZHN-UHFFFAOYSA-N,,0
130,Molecule_130,CNC1=NC(C)=C(S1)C1N=C(NC2C=C(C=CC=2)N2CCNC(=O)CC2)N=CC=1C,1,[H]c1nc(N([H])c2c([H])c([H])c([H])c(N3C([H])([H])C([H])([H])C(=O)N([H])C([H])([H])C3([H])[H])c2[H])nc(-c2sc(N([H])C([H])([H])[H])nc2C([H])([H])[H])c1C([H])([H])[H],InChI=1S/C21H25N7OS/c1-13-12-24-20(27-18(13)19-14(2)25-21(22-3)30-19)26-15-5-4-6-16(11-15)28-9-7-17(29)23-8-10-28/h4-611-12H7-10H21-3H3(H2225)(H2329)(H242627),REOUVJBYQCRCTD-UHFFFAOYSA-N,,0
131,Molecule_131,CNC1=NC(C)=C(S1)C1N=C(NC2C=C(C=CC=2)N2CCN3CCC2CC3)N=CC=1C,1,[H]c1nc(N([H])c2c([H])c([H])c([H])c(N3C([H])([H])C([H])([H])N4C([H])([H])C([H])([H])C3([H])C([H])([H])C4([H])[H])c2[H])nc(-c2sc(N([H])C([H])([H])[H])nc2C([H])([H])[H])c1C([H])([H])[H],InChI=1S/C23H29N7S/c1-15-14-25-22(28-20(15)21-16(2)26-23(24-3)31-21)27-17-5-4-6-19(13-17)30-12-11-29-9-7-18(30)8-10-29/h4-613-1418H7-12H21-3H3(H2426)(H252728),RSTOVEUALSXORR-UHFFFAOYSA-N,,0
132,Molecule_132,CNC1=NC(C)=C(S1)C1N=C(NC2C=C(C=CC=2)N2CCN(CC2)C(C)=O)N=CC=1C(F)(F)F,1,[H]c1nc(N([H])c2c([H])c([H])c([H])c(N3C([H])([H])C([H])([H])N(C(=O)C([H])([H])[H])C([H])([H])C3([H])[H])c2[H])nc(-c2sc(N([H])C([H])([H])[H])nc2C([H])([H])[H])c1C(F)(F)F,InChI=1S/C22H24F3N7OS/c1-13-19(34-21(26-3)28-13)18-17(22(2324)25)12-27-20(30-18)29-15-5-4-6-16(11-15)32-9-7-31(8-10-32)14(2)33/h4-611-12H7-10H21-3H3(H2628)(H272930),DUNQXJMGVWJHTJ-UHFFFAOYSA-N,,0
133,Molecule_133,CC1N=C(NC)SC=1C1N=C(NC2=CC=CC(=C2)N2CCNCC2)N=CC=1C(F)(F)F,1,[H]c1nc(N([H])c2c([H])c([H])c([H])c(N3C([H])([H])C([H])([H])N([H])C([H])([H])C3([H])[H])c2[H])nc(-c2sc(N([H])C([H])([H])[H])nc2C([H])([H])[H])c1C(F)(F)F,InChI=1S/C20H22F3N7S/c1-12-17(31-19(24-2)27-12)16-15(20(2122)23)11-26-18(29-16)28-13-4-3-5-14(10-13)30-8-6-25-7-9-30/h3-510-1125H6-9H21-2H3(H2427)(H262829),NNVQFONYTZIEBC-UHFFFAOYSA-N,,0
134,Molecule_134,CC1N=C(NC)SC=1C1N=C(NC2C=C(C=CC=2)N2CCOCC2)N=CC=1C=C,1,[H]C([H])=C([H])c1c([H])nc(N([H])c2c([H])c([H])c([H])c(N3C([H])([H])C([H])([H])OC([H])([H])C3([H])[H])c2[H])nc1-c1sc(N([H])C([H])([H])[H])nc1C([H])([H])[H],InChI=1S/C21H24N6OS/c1-4-15-13-23-20(26-18(15)19-14(2)24-21(22-3)29-19)25-16-6-5-7-17(12-16)27-8-10-28-11-9-27/h4-712-13H18-11H22-3H3(H2224)(H232526),KEMDKRATVFSGJN-UHFFFAOYSA-N,,0
135,Molecule_135,CNC1=NC(C)=C(S1)C1N=C(NC2C=C(C=CC=2)N2CCN(CC2)C(C)=O)N=CC=1Br,1,[H]c1nc(N([H])c2c([H])c([H])c([H])c(N3C([H])([H])C([H])([H])N(C(=O)C([H])([H])[H])C([H])([H])C3([H])[H])c2[H])nc(-c2sc(N([H])C([H])([H])[H])nc2C([H])([H])[H])c1Br,InChI=1S/C21H24BrN7OS/c1-13-19(31-21(23-3)25-13)18-17(22)12-24-20(27-18)26-15-5-4-6-16(11-15)29-9-7-28(8-10-29)14(2)30/h4-611-12H7-10H21-3H3(H2325)(H242627),JJUAVZQHRBSKOY-UHFFFAOYSA-N,,0
136,Molecule_136,CNC1=NC(=C(S1)C1=CC=NC(NC2C=C(C=CC=2)N2CCNCCC2)=N1)C(F)(F)F,1,[H]c1nc(N([H])c2c([H])c([H])c([H])c(N3C([H])([H])C([H])([H])N([H])C([H])([H])C([H])([H])C3([H])[H])c2[H])nc(-c2sc(N([H])C([H])([H])[H])nc2C(F)(F)F)c1[H],InChI=1S/C20H22F3N7S/c1-24-19-29-17(20(2122)23)16(31-19)15-6-8-26-18(28-15)27-13-4-2-5-14(12-13)30-10-3-7-25-9-11-30/h24-681225H379-11H21H3(H2429)(H262728),PSNUTPHNERQRHY-UHFFFAOYSA-N,,0
137,Molecule_137,CNC1=NC=C(S1)C1=CC=NC(NC2=CC=CC(=C2)N2CCNCCC2)=N1,1,[H]c1nc(N([H])C([H])([H])[H])sc1-c1nc(N([H])c2c([H])c([H])c([H])c(N3C([H])([H])C([H])([H])N([H])C([H])([H])C([H])([H])C3([H])[H])c2[H])nc([H])c1[H],InChI=1S/C19H23N7S/c1-20-19-23-13-17(27-19)16-6-8-22-18(25-16)24-14-4-2-5-15(12-14)26-10-3-7-21-9-11-26/h24-6812-1321H379-11H21H3(H2023)(H222425),XCIGDMLFQKYLKU-UHFFFAOYSA-N,,0
138,Molecule_138,CNC1=NC(C2CC2)=C(S1)C1=CC=NC(NC2C=C(C=CC=2)C(=O)NC2CCN(C)CC2)=N1,1,[H]c1nc(N([H])c2c([H])c([H])c([H])c(C(=O)N([H])C3([H])C([H])([H])C([H])([H])N(C([H])([H])[H])C([H])([H])C3([H])[H])c2[H])nc(-c2sc(N([H])C([H])([H])[H])nc2C2([H])C([H])([H])C2([H])[H])c1[H],InChI=1S/C24H29N7OS/c1-25-24-30-20(15-6-7-15)21(33-24)19-8-11-26-23(29-19)28-18-5-3-4-16(14-18)22(32)27-17-9-12-31(2)13-10-17/h3-581114-1517H6-79-1012-13H21-2H3(H2530)(H2732)(H262829),JANDQTUCESQHRD-UHFFFAOYSA-N,,0
139,Molecule_139,CC(=O)N1CCN(CC1)C1=CC(=CC=C1)NC1=NC(=CC=N1)C1SC(NC)=NC=1C(C)C,1,[H]c1nc(N([H])c2c([H])c([H])c([H])c(N3C([H])([H])C([H])([H])N(C(=O)C([H])([H])[H])C([H])([H])C3([H])[H])c2[H])nc(-c2sc(N([H])C([H])([H])[H])nc2C([H])(C([H])([H])[H])C([H])([H])[H])c1[H],InChI=1S/C23H29N7OS/c1-15(2)20-21(32-23(24-4)28-20)19-8-9-25-22(27-19)26-17-6-5-7-18(14-17)30-12-10-29(11-13-30)16(3)31/h5-914-15H10-13H21-4H3(H2428)(H252627),KHXBENXTIWTHLB-UHFFFAOYSA-N,,0
140,Molecule_140,CNC1=NC(C)=C(S1)C1=CC=NC(NC2C=C(C=CC=2)N2CCN(CC2)C(C)=O)=N1,1,[H]c1nc(N([H])c2c([H])c([H])c([H])c(N3C([H])([H])C([H])([H])N(C(=O)C([H])([H])[H])C([H])([H])C3([H])[H])c2[H])nc(-c2sc(N([H])C([H])([H])[H])nc2C([H])([H])[H])c1[H],InChI=1S/C21H25N7OS/c1-14-19(30-21(22-3)24-14)18-7-8-23-20(26-18)25-16-5-4-6-17(13-16)28-11-9-27(10-12-28)15(2)29/h4-813H9-12H21-3H3(H2224)(H232526),ZOMIHFOYONJRJB-UHFFFAOYSA-N,,0
141,Molecule_141,CC1N=C(NC)SC=1C1N=C(NC2C=C(C=CC=2)N2CCCCCC2)N=CC=1C#N,1,[H]c1nc(N([H])c2c([H])c([H])c([H])c(N3C([H])([H])C([H])([H])C([H])([H])C([H])([H])C([H])([H])C3([H])[H])c2[H])nc(-c2sc(N([H])C([H])([H])[H])nc2C([H])([H])[H])c1C#N,InChI=1S/C22H25N7S/c1-15-20(30-22(24-2)26-15)19-16(13-23)14-25-21(28-19)27-17-8-7-9-18(12-17)29-10-5-3-4-6-11-29/h7-91214H3-610-11H21-2H3(H2426)(H252728),HQELVOAHMYHJLJ-UHFFFAOYSA-N,,0
142,Molecule_142,CNC1=NC(C)=C(S1)C1N=C(NC2=CC(C)=CC(=C2)N2CCCCCC2)N=CC=1C#N,1,[H]c1nc(N([H])c2c([H])c(N3C([H])([H])C([H])([H])C([H])([H])C([H])([H])C([H])([H])C3([H])[H])c([H])c(C([H])([H])[H])c2[H])nc(-c2sc(N([H])C([H])([H])[H])nc2C([H])([H])[H])c1C#N,InChI=1S/C23H27N7S/c1-15-10-18(12-19(11-15)30-8-6-4-5-7-9-30)28-22-26-14-17(13-24)20(29-22)21-16(2)27-23(25-3)31-21/h10-1214H4-9H21-3H3(H2527)(H262829),MTJJCZRPNOKRPO-UHFFFAOYSA-N,,0
143,Molecule_143,CNC1=NC(C)=C(S1)C1N=C(NC2=CC(C)=CC(=C2)N2CCNCC2)N=CC=1C#N,1,[H]c1nc(N([H])c2c([H])c(N3C([H])([H])C([H])([H])N([H])C([H])([H])C3([H])[H])c([H])c(C([H])([H])[H])c2[H])nc(-c2sc(N([H])C([H])([H])[H])nc2C([H])([H])[H])c1C#N,InChI=1S/C21H24N8S/c1-13-8-16(10-17(9-13)29-6-4-24-5-7-29)27-20-25-12-15(11-22)18(28-20)19-14(2)26-21(23-3)30-19/h8-101224H4-7H21-3H3(H2326)(H252728),RHBXOKIMSCJPEB-UHFFFAOYSA-N,,0
144,Molecule_144,CNC1=NC(C)=C(S1)C1N=C(NC2=CC(C)=CC(=C2)N2CCOCC2)N=CC=1C#N,1,[H]c1nc(N([H])c2c([H])c(N3C([H])([H])C([H])([H])OC([H])([H])C3([H])[H])c([H])c(C([H])([H])[H])c2[H])nc(-c2sc(N([H])C([H])([H])[H])nc2C([H])([H])[H])c1C#N,InChI=1S/C21H23N7OS/c1-13-8-16(10-17(9-13)28-4-6-29-7-5-28)26-20-24-12-15(11-22)18(27-20)19-14(2)25-21(23-3)30-19/h8-1012H4-7H21-3H3(H2325)(H242627),ZIPADUJETRCYRU-UHFFFAOYSA-N,,0
145,Molecule_145,CC1N=C(NC)SC=1C1=CC=NC(NC2C=C(C=C(C=2)N2CCOCC2)N2CCOCC2)=N1,1,[H]c1nc(N([H])c2c([H])c(N3C([H])([H])C([H])([H])OC([H])([H])C3([H])[H])c([H])c(N3C([H])([H])C([H])([H])OC([H])([H])C3([H])[H])c2[H])nc(-c2sc(N([H])C([H])([H])[H])nc2C([H])([H])[H])c1[H],InChI=1S/C23H29N7O2S/c1-16-21(33-23(24-2)26-16)20-3-4-25-22(28-20)27-17-13-18(29-5-9-31-10-6-29)15-19(14-17)30-7-11-32-12-8-30/h3-413-15H5-12H21-2H3(H2426)(H252728),QFUODDQEGUEMEC-UHFFFAOYSA-N,,0
146,Molecule_146,CNC1=NC(C)=C(S1)C1=CC=NC(NC2C=C(C=C(C=2)N2CCN(CC2)C(C)=O)N2CCN(CC2)C(C)=O)=N1,1,[H]c1nc(N([H])c2c([H])c(N3C([H])([H])C([H])([H])N(C(=O)C([H])([H])[H])C([H])([H])C3([H])[H])c([H])c(N3C([H])([H])C([H])([H])N(C(=O)C([H])([H])[H])C([H])([H])C3([H])[H])c2[H])nc(-c2sc(N([H])C([H])([H])[H])nc2C([H])([H])[H])c1[H],InChI=1S/C27H35N9O2S/c1-18-25(39-27(28-4)30-18)24-5-6-29-26(32-24)31-21-15-22(35-11-7-33(8-12-35)19(2)37)17-23(16-21)36-13-9-34(10-14-36)20(3)38/h5-615-17H7-14H21-4H3(H2830)(H293132),ATBUIESAGWERGG-UHFFFAOYSA-N,,0
147,Molecule_147,CC1N=C(NC)SC=1C1N=C(NC2C=C(C=C(C=2)N2CCOCC2)N2CCOCC2)N=CC=1C#N,1,[H]c1nc(N([H])c2c([H])c(N3C([H])([H])C([H])([H])OC([H])([H])C3([H])[H])c([H])c(N3C([H])([H])C([H])([H])OC([H])([H])C3([H])[H])c2[H])nc(-c2sc(N([H])C([H])([H])[H])nc2C([H])([H])[H])c1C#N,InChI=1S/C24H28N8O2S/c1-16-22(35-24(26-2)28-16)21-17(14-25)15-27-23(30-21)29-18-11-19(31-3-7-33-8-4-31)13-20(12-18)32-5-9-34-10-6-32/h11-1315H3-10H21-2H3(H2628)(H272930),XHAWHVHQZTVHLI-UHFFFAOYSA-N,,0
148,Molecule_148,CNC1=NC(C)=C(S1)C1N=C(NC2C=C(C=C(C=2)N2CCN(CC2)C(C)=O)N2CCN(CC2)C(C)=O)N=CC=1C#N,1,[H]c1nc(N([H])c2c([H])c(N3C([H])([H])C([H])([H])N(C(=O)C([H])([H])[H])C([H])([H])C3([H])[H])c([H])c(N3C([H])([H])C([H])([H])N(C(=O)C([H])([H])[H])C([H])([H])C3([H])[H])c2[H])nc(-c2sc(N([H])C([H])([H])[H])nc2C([H])([H])[H])c1C#N,InChI=1S/C28H34N10O2S/c1-18-26(41-28(30-4)32-18)25-21(16-29)17-31-27(34-25)33-22-13-23(37-9-5-35(6-10-37)19(2)39)15-24(14-22)38-11-7-36(8-12-38)20(3)40/h13-1517H5-12H21-4H3(H3032)(H313334),VCGZLNSADOXLAT-UHFFFAOYSA-N,,0
149,Molecule_149,CNC1=NC(C)=C(S1)C1N=C(NC2C=C(C=C(C=2)N2CCN(CC2)C(C)=O)N2CCN(CC2)C(C)=O)N=CC=1C,1,[H]c1nc(N([H])c2c([H])c(N3C([H])([H])C([H])([H])N(C(=O)C([H])([H])[H])C([H])([H])C3([H])[H])c([H])c(N3C([H])([H])C([H])([H])N(C(=O)C([H])([H])[H])C([H])([H])C3([H])[H])c2[H])nc(-c2sc(N([H])C([H])([H])[H])nc2C([H])([H])[H])c1C([H])([H])[H],InChI=1S/C28H37N9O2S/c1-18-17-30-27(33-25(18)26-19(2)31-28(29-5)40-26)32-22-14-23(36-10-6-34(7-11-36)20(3)38)16-24(15-22)37-12-8-35(9-13-37)21(4)39/h14-17H6-13H21-5H3(H2931)(H303233),BFQURZQIPAVHMX-UHFFFAOYSA-N,,0
150,Molecule_150,CC1=NC(C)=C(S1)C1=CC=NC(NC2C=CC(=CC=2)C(F)(F)F)=N1,1,[H]c1nc(N([H])c2c([H])c([H])c(C(F)(F)F)c([H])c2[H])nc(-c2sc(C([H])([H])[H])nc2C([H])([H])[H])c1[H],InChI=1S/C16H13F3N4S/c1-9-14(24-10(2)21-9)13-7-8-20-15(23-13)22-12-5-3-11(4-6-12)16(1718)19/h3-8H1-2H3(H202223),MEZFDQUDLQCVNX-UHFFFAOYSA-N,,0
151,Molecule_151,CN(C)C1C=CC(=CC=1)NC1=NC(=CC=N1)C1SC(C)=NC=1C,1,[H]c1nc(N([H])c2c([H])c([H])c(N(C([H])([H])[H])C([H])([H])[H])c([H])c2[H])nc(-c2sc(C([H])([H])[H])nc2C([H])([H])[H])c1[H],InChI=1S/C17H19N5S/c1-11-16(23-12(2)19-11)15-9-10-18-17(21-15)20-13-5-7-14(8-6-13)22(3)4/h5-10H1-4H3(H182021),FGGSNQOBRJVAKL-UHFFFAOYSA-N,,0
152,Molecule_152,NC(=O)C1C=CC(=CC=1)NC1=NC(OCC2CCCCC2)=C(N=O)C(N)=N1,1,[H]c1c([H])c(N([H])c2nc(OC([H])([H])C3([H])C([H])([H])C([H])([H])C([H])([H])C([H])([H])C3([H])[H])c(N=O)c(N([H])[H])n2)c([H])c([H])c1C(=O)N([H])[H],InChI=1S/C18H22N6O3/c19-15-14(24-26)17(27-10-11-4-2-1-3-5-11)23-18(22-15)21-13-8-6-12(7-9-13)16(20)25/h6-911H1-510H2(H22025)(H319212223),YBKLJTXDSBEVRV-UHFFFAOYSA-N,,0
153,Molecule_153,CC1N=C(NC)SC=1C1N=C(NC2=CC=CC(=C2)N2CCNCCC2)N=CC=1C#N,1,[H]c1nc(N([H])c2c([H])c([H])c([H])c(N3C([H])([H])C([H])([H])N([H])C([H])([H])C([H])([H])C3([H])[H])c2[H])nc(-c2sc(N([H])C([H])([H])[H])nc2C([H])([H])[H])c1C#N,InChI=1S/C21H24N8S/c1-14-19(30-21(23-2)26-14)18-15(12-22)13-25-20(28-18)27-16-5-3-6-17(11-16)29-9-4-7-24-8-10-29/h35-6111324H47-10H21-2H3(H2326)(H252728),BKOYUSKBPMSUBK-UHFFFAOYSA-N,,0
154,Molecule_154,CC1N=C(NC)SC=1C1N=C(NC2C=C(C=CC=2)S(N)(=O)=O)N=CC=1C#N,1,[H]c1nc(N([H])c2c([H])c([H])c([H])c(S(=O)(=O)N([H])[H])c2[H])nc(-c2sc(N([H])C([H])([H])[H])nc2C([H])([H])[H])c1C#N,InChI=1S/C16H15N7O2S2/c1-9-14(26-16(19-2)21-9)13-10(7-17)8-20-15(23-13)22-11-4-3-5-12(6-11)27(1824)25/h3-68H1-2H3(H1921)(H2182425)(H202223),SGOFFNQMBSXTRU-UHFFFAOYSA-N,,0
155,Molecule_155,CNC1=NC(C)=C(S1)C1N=C(NC2C=C(C=CC=2)N2CCCN(CC2)C(C)=O)N=CC=1C#N,1,[H]c1nc(N([H])c2c([H])c([H])c([H])c(N3C([H])([H])C([H])([H])N(C(=O)C([H])([H])[H])C([H])([H])C([H])([H])C3([H])[H])c2[H])nc(-c2sc(N([H])C([H])([H])[H])nc2C([H])([H])[H])c1C#N,InChI=1S/C23H26N8OS/c1-15-21(33-23(25-3)27-15)20-17(13-24)14-26-22(29-20)28-18-6-4-7-19(12-18)31-9-5-8-30(10-11-31)16(2)32/h46-71214H58-11H21-3H3(H2527)(H262829),DZHBFQMOLIUZMP-UHFFFAOYSA-N,,0
156,Molecule_156,CNC1=NC(C)=C(S1)C1N=C(NC2C=C(C(C)=CC=2)S(=O)(=O)N2CCOCC2)N=CC=1C#N,1,[H]c1nc(N([H])c2c([H])c([H])c(C([H])([H])[H])c(S(=O)(=O)N3C([H])([H])C([H])([H])OC([H])([H])C3([H])[H])c2[H])nc(-c2sc(N([H])C([H])([H])[H])nc2C([H])([H])[H])c1C#N,InChI=1S/C21H23N7O3S2/c1-13-4-5-16(10-17(13)33(2930)28-6-8-31-9-7-28)26-20-24-12-15(11-22)18(27-20)19-14(2)25-21(23-3)32-19/h4-51012H6-9H21-3H3(H2325)(H242627),SSEDQERECATUBR-UHFFFAOYSA-N,,0
159,Molecule_159,CC1N=C(N)SC=1C1=CC=NC(NC2C=C(C=CC=2)[N+]([O-])=O)=N1,1,[H]c1nc(N([H])c2c([H])c([H])c([H])c([N+](=O)[O-])c2[H])nc(-c2sc(N([H])[H])nc2C([H])([H])[H])c1[H],InChI=1S/C14H12N6O2S/c1-8-12(23-13(15)17-8)11-5-6-16-14(19-11)18-9-3-2-4-10(7-9)20(21)22/h2-7H1H3(H21517)(H161819),DYTKVFHLKPDNRW-UHFFFAOYSA-N,,0
